ID,SrNo,Timestamp,X_Acc,Y_Acc,Z_Acc,X_Gyro,Y_Gyro,Z_Gyro
HS,1,1739358098243,-0.83595,0.46695,10.497,-3.38761,-2.7416,1.76471
HS,2,1739358098260,0.246,-1.94295,8.50005,-2.40284,-4.35663,1.96954
HS,3,1739358098276,0.246,-1.94295,8.50005,-3.73425,-5.89287,1.96954
HS,4,1739358098291,-0.67995,-1.33005,11.55,-0.09454,-3.93121,2.53677
HS,5,1739358098308,0.04905,-2.091,9.16305,-2.33194,-5.89287,1.69381
HS,6,1739358098324,-0.17505,0.156,10.011,-0.7957,-4.00211,2.53677
HS,7,1739358098340,0.741,-0.97095,9.61995,-2.12711,-4.00211,3.02522
HS,8,1739358098363,-0.048,0.153,10.31895,2.28467,0.89811,3.72637
HS,9,1739358098383,0.70305,-0.47505,10.60005,-0.7957,1.38656,3.65547
HS,10,1739358098397,-0.687,0.60795,9.85005,-1.70168,-0.14969,4.14392
HS,11,1739358098416,-0.30405,-2.58,8.82495,-0.65389,-5.96377,4.28572
HS,12,1739358098430,-0.38505,0.34305,10.42995,-2.40284,1.24475,4.63236
HS,13,1739358098445,-0.38505,0.34305,10.42995,-5.20747,-0.29149,4.35663
HS,14,1739358098460,-1.26405,-0.681,9.17295,-4.36451,-1.41019,3.16702
HS,15,1739358098477,-0.51,1.04205,11.99295,-8.49267,2.85978,3.09612
HS,16,1739358098493,-0.26805,-3.10695,7.96605,-2.54465,-7.08247,2.39496
HS,17,1739358098509,-1.07505,-1.869,11.53305,-1.70168,0.54359,3.79728
HS,18,1739358098525,-1.07505,-1.869,11.53305,2.21377,-5.33352,3.37186
HS,19,1739358098542,-0.83805,-1.99995,8.358,-0.16544,6.91703,3.37186
HS,20,1739358098561,0.01305,0.60405,9.43395,-2.54465,-5.12081,3.72637
HS,21,1739358098577,1.026,-0.48195,10.257,-3.45064,5.16808,3.51366
HS,22,1739358098593,0.24795,-0.09495,8.56395,-4.00999,-2.95431,5.40442
HS,23,1739358098607,0.22905,-2.77905,10.25205,-2.19013,5.79833,4.98688
HS,24,1739358098622,-0.79695,-1.42605,8.92605,1.30778,-0.22059,5.75106
HS,25,1739358098635,-0.79695,-1.42605,8.92605,1.65442,3.69486,5.26262
HS,26,1739358098643,-0.13905,-0.423,11.40195,-2.89129,5.16808,4.49056
HS,27,1739358098652,-0.13905,-0.423,11.40195,-3.38761,5.02627,5.60926
HS,28,1739358098659,0.318,0.66795,9.17295,-3.66335,3.34822,6.03468
HS,29,1739358098669,0.318,0.66795,9.17295,-4.57722,1.03204,5.04991
HS,30,1739358098680,-0.783,-2.889,10.497,-4.50631,-0.71691,4.56146
HS,31,1739358098690,-0.783,-2.889,10.497,1.93803,0.54359,6.03468
HS,32,1739358098702,-0.129,-2.07195,6.67995,4.80568,-0.4333,5.89287
HS,33,1739358098713,-0.129,-2.07195,6.67995,1.09507,-4.21482,4.14392
HS,34,1739358098724,-0.88305,-0.52095,14.02095,6.76735,8.59508,5.89287
HS,35,1739358098735,0.32895,-0.67605,7.59705,5.22323,-2.6707,6.10558
HS,36,1739358098746,0.32895,-0.67605,7.59705,1.30778,-2.7416,2.53677
HS,37,1739358098757,-0.00195,0.402,10.614,5.64865,4.60873,4.63236
HS,38,1739358098768,-0.00195,0.402,10.614,0.18908,0.6145,2.39496
HS,39,1739358098779,-1.58295,1.20495,10.827,-0.16544,0.12605,3.09612
HS,40,1739358098790,-1.58295,1.20495,10.827,-3.38761,-1.69381,3.23005
HS,41,1739358098802,-0.57,-2.19705,10.18995,3.47427,6.98794,3.15915
HS,42,1739358098813,0.387,-2.03595,10.554,-1.77259,-4.70327,2.46587
HS,43,1739358098823,0.387,-2.03595,10.554,1.79622,2.36345,1.83561
HS,44,1739358098834,-0.11505,-1.59105,8.088,4.17543,0.05515,3.58457
HS,45,1739358098846,-0.11505,-1.59105,8.088,6.62554,-3.65547,2.46587
HS,46,1739358098857,-0.74505,0.52905,11.99505,0.04727,1.8041,1.06355
HS,47,1739358098867,-1.04895,-1.21305,6.627,4.31724,7.61819,2.04045
HS,48,1739358098879,-1.04895,-1.21305,6.627,-1.21324,-0.22059,0.3624
HS,49,1739358098889,0.255,0.88395,11.78205,-2.75736,-5.40442,0.14969
HS,50,1739358098901,0.255,0.88395,11.78205,-0.58298,3.06461,0.64601
HS,51,1739358098912,0.82005,-0.33405,6.192,1.86713,-2.95431,-0.6854
HS,52,1739358098923,0.82005,-0.33405,6.192,-3.1749,-15.4806,-0.48057
HS,53,1739358098934,0.97605,-0.291,11.952,-4.36451,-19.19122,-0.6854
HS,54,1739358098946,-1.089,-1.53405,9.22005,-0.65389,4.04938,-1.24475
HS,55,1739358098956,-1.089,-1.53405,9.22005,-6.04256,-4.21482,-1.7332
HS,56,1739358098967,1.39305,-1.01205,10.39095,-5.4123,-8.90233,-1.94591
HS,57,1739358098979,1.39305,-1.01205,10.39095,-3.45064,-6.45222,-1.67017
HS,58,1739358098990,0.966,-1.32,9.45705,-2.33194,-2.60767,-1.24475
HS,59,1739358099001,0.966,-1.32,9.45705,1.37868,-1.90652,-0.6145
HS,60,1739358099012,1.24395,-2.70405,7.353,-3.73425,-3.58457,-0.19695
HS,61,1739358099023,1.15995,-0.207,11.256,1.16597,7.33458,0.71691
HS,62,1739358099034,1.15995,-0.207,11.256,-3.87606,8.8787,0.01576
HS,63,1739358099045,0.43005,0.33795,9.19905,1.30778,-0.78782,2.25316
HS,64,1739358099057,0.43005,0.33795,9.19905,-8.07512,0.82721,0.71691
HS,65,1739358099067,-2.24295,-0.99705,12.25905,0.81933,7.47638,1.552
HS,66,1739358099078,-2.24295,-0.99705,12.25905,-0.02363,6.28678,1.41019
HS,67,1739358099089,-2.20995,-1.71795,8.67,6.208,3.20641,1.69381
HS,68,1739358099100,0.045,-1.90005,12.05505,6.06619,21.7595,1.552
HS,69,1739358099111,0.045,-1.90005,12.05505,9.21746,25.53315,0.85084
HS,70,1739358099123,-1.35705,-0.516,9.144,6.2789,0.82721,2.46587
HS,71,1739358099134,-1.35705,-0.516,9.144,3.54518,-5.12081,0.14969
HS,72,1739358099145,-0.94605,-0.042,12.438,4.66388,-5.96377,0.08666
HS,73,1739358099156,-0.105,-2.59695,9.38595,7.81514,5.51472,1.4811
HS,74,1739358099166,-0.105,-2.59695,9.38595,7.25579,2.57616,0.22059
HS,75,1739358099177,-1.887,0.498,9.33795,6.90915,3.83667,1.6229
HS,76,1739358099189,-1.887,0.498,9.33795,1.93803,-5.40442,0.29149
HS,77,1739358099200,-1.55895,-1.30095,9.06705,4.94749,-0.78782,1.33929
HS,78,1739358099211,-1.55895,-1.30095,9.06705,-1.35505,-11.28154,0.01576
HS,79,1739358099222,-1.20705,1.19295,11.10195,-2.33194,-9.67439,-0.19695
HS,80,1739358099233,0.66705,-1.75095,9.28005,-3.87606,3.34822,1.27626
HS,81,1739358099244,0.66705,-1.75095,9.28005,-1.77259,-3.79728,-0.40966
HS,82,1739358099255,0.10905,-0.396,10.779,-4.50631,-3.58457,0.57511
HS,83,1739358099267,0.10905,-0.396,10.779,-5.06566,0.47269,-0.19695
HS,84,1739358099277,-0.44505,-1.75905,10.11105,-2.68646,-0.85084,-0.40966
HS,85,1739358099288,-0.44505,-1.75905,10.11105,-2.54465,-0.64601,-0.12605
HS,86,1739358099299,1.21095,-1.014,8.619,-0.37027,-3.72637,-0.7563
HS,87,1739358099311,-0.35205,-0.41805,11.076,-1.21324,-4.98688,-0.48057
HS,88,1739358099322,-0.35205,-0.41805,11.076,-0.9375,-1.69381,-0.6854
HS,89,1739358099332,-0.651,-0.22905,7.39605,2.42648,-4.28572,0.14969
HS,90,1739358099344,-0.651,-0.22905,7.39605,-3.45064,-4.98688,-0.12605
HS,91,1739358099355,-0.855,-3.255,10.93695,4.80568,6.00317,0.3624
HS,92,1739358099366,-0.79995,-0.79095,8.95005,3.89969,-2.6707,-0.54359
HS,93,1739358099378,-0.79995,-0.79095,8.95005,7.74424,-0.78782,0.08666
HS,94,1739358099387,2.082,-1.18395,9.606,9.07565,2.64706,0.77994
HS,95,1739358099399,2.082,-1.18395,9.606,5.57774,1.59927,-0.7563
HS,96,1739358099409,-0.828,0.81705,9.09105,4.87659,0.12605,1.33929
HS,97,1739358099421,-0.828,0.81705,9.09105,3.05673,-1.41019,-0.19695
HS,98,1739358099432,-1.65,0.85305,9.97695,3.05673,2.78887,0.57511
HS,99,1739358099443,0.07995,-0.96105,7.48005,3.12763,-6.45222,0.85084
HS,100,1739358099454,0.07995,-0.96105,7.48005,-0.16544,-10.79309,0.14969
HS,101,1739358099465,0.267,-0.102,12.12705,0.95326,-1.76471,1.20536
HS,102,1739358099477,0.267,-0.102,12.12705,0.67752,2.22952,0.77994
HS,103,1739358099487,0.10905,-2.307,9.89595,-1.07143,-8.55569,0.4333
HS,104,1739358099499,0.10905,-2.307,9.89595,-0.02363,-1.06355,0.5042
HS,105,1739358099509,-0.80205,-0.32205,9.52005,-1.28414,1.24475,0.77994
HS,106,1739358099521,-1.21905,-0.08295,11.35395,-2.40284,-3.37186,0.22059
HS,107,1739358099532,-1.21905,-0.08295,11.35395,-1.9144,0.26786,0.3624
HS,108,1739358099543,-1.22295,-2.95605,10.71195,-4.64024,-1.4811,-0.05515
HS,109,1739358099554,-1.22295,-2.95605,10.71195,-5.90075,-2.46587,-0.54359
HS,110,1739358099566,-1.041,-0.55695,12.288,-3.1749,3.90757,-0.96901
HS,111,1739358099575,-1.041,-0.55695,12.288,1.72532,-1.4811,0.92175
HS,112,1739358099587,0.22695,-3.255,8.02305,-2.68646,-17.37136,-1.38656
HS,113,1739358099596,-1.824,-1.05195,13.51095,0.2521,9.78469,1.33929
HS,114,1739358099609,-1.824,-1.05195,13.51095,3.26944,9.9974,4.07301
HS,115,1739358099620,-3.05505,-1.119,8.562,-3.94696,-18.21433,-0.7563
HS,116,1739358099631,-3.05505,-1.119,8.562,0.67752,-3.30095,2.7416
HS,117,1739358099642,2.757,-0.48495,8.397,0.04727,-3.44276,0.85084
HS,118,1739358099653,-0.55995,-1.524,11.646,-4.1518,-8.55569,0.77994
HS,119,1739358099664,-0.55995,-1.524,11.646,-3.24581,-3.37186,1.4811
HS,120,1739358099675,0.114,-0.72405,8.109,-1.21324,-4.63236,0.08666
HS,121,1739358099686,0.114,-0.72405,8.109,-3.66335,-4.28572,0.85084
HS,122,1739358099697,-0.15795,-0.82995,10.12305,-2.89129,-5.82197,0.85084
HS,123,1739358099708,-0.15795,-0.82995,10.12305,-4.1518,-1.20536,1.13446
HS,124,1739358099720,-1.851,0.39795,8.52105,-5.62501,-5.33352,0.99265
HS,125,1739358099731,-0.48405,-3.126,10.509,-6.25527,-6.38132,-0.12605
HS,126,1739358099742,-0.48405,-3.126,10.509,-2.47375,-3.23005,0.92175
HS,127,1739358099752,-0.50805,-0.99195,10.221,-4.1518,-5.12081,0.08666
HS,128,1739358099764,-0.50805,-0.99195,10.221,-1.84349,4.32512,1.83561
HS,129,1739358099781,1.74705,-0.68805,8.358,-4.64024,-2.88341,1.76471
HS,130,1739358099791,-1.06305,0.132,10.32705,-4.08089,-8.13027,0.77994
HS,131,1739358099814,1.99395,-3.61395,5.83695,-0.37027,-9.60349,1.76471
HS,132,1739358099830,-0.426,1.88205,11.86905,0.67752,-4.70327,3.93121
HS,133,1739358099849,-1.99695,-1.66305,6.90495,1.44958,6.28678,4.84507
HS,134,1739358099868,-0.498,-1.014,12.534,-1.63078,-8.20117,4.49056
HS,135,1739358099882,-0.498,-1.014,12.534,3.26944,8.17754,5.96377
HS,136,1739358099900,0.42,-3.62595,7.21395,5.85348,-2.60767,5.68016
HS,137,1739358099917,-0.44295,-1.58895,14.29905,9.5641,11.88816,7.36609
HS,138,1739358099933,0.35595,0.651,6.984,0.81933,-7.92544,6.23951
HS,139,1739358099953,-0.036,1.248,11.916,1.65442,-0.4333,7.64182
HS,140,1739358099967,-2.04195,-4.074,9.07695,2.49738,6.07407,7.42911
HS,141,1739358099983,1.752,-0.339,11.29605,-0.44118,-16.95382,7.57092
HS,142,1739358099999,0.933,-1.12905,9,2.63919,0.26786,9.87922
HS,143,1739358100015,0.933,-1.12905,9,-0.30725,2.43435,5.75106
HS,144,1739358100031,-3.02595,1.62405,7.509,-2.96219,-2.25316,11.0058
HS,145,1739358100049,1.09095,-0.585,10.827,-5.69592,-11.42335,5.40442
HS,146,1739358100065,0.351,-0.47805,8.253,-3.59245,3.76576,9.31987
HS,147,1739358100082,-1.68795,-2.913,9.22995,-1.49685,-4.28572,10.9349
HS,148,1739358100098,-1.101,-1.158,10.14495,-0.37027,0.89811,9.8162
HS,149,1739358100115,1.43295,-2.30205,10.77705,-0.9375,-1.20536,10.65129
HS,150,1739358100131,1.43295,-2.30205,10.77705,5.0893,10.76946,11.28154
HS,151,1739358100149,0.64605,0.22005,7.65705,2.42648,1.10294,11.35244
HS,152,1739358100165,-0.22005,-0.66405,10.272,4.17543,6.70432,11.21064
HS,153,1739358100182,0.483,2.49,11.11395,-1.35505,4.18331,11.07671
HS,154,1739358100199,1.19895,-1.179,7.52805,0.88235,1.875,9.46168
HS,155,1739358100215,0.25995,0.50505,10.992,0.74843,1.24475,10.72219
HS,156,1739358100231,-2.397,-1.416,8.868,3.96272,4.25421,9.7453
HS,157,1739358100247,-2.397,-1.416,8.868,1.02416,-0.85084,9.67439
HS,158,1739358100265,0.34095,1.66395,11.20005,-2.40284,3.27732,7.92544
HS,159,1739358100281,-2.016,-0.609,9.54105,-1.9144,-3.37186,9.46168
HS,160,1739358100298,-0.23205,-1.39005,10.29495,-3.38761,-1.41019,7.64182
HS,161,1739358100314,0.10005,-1.90005,11.20305,-2.54465,3.83667,8.6266
HS,162,1739358100331,-0.86205,0.639,8.58105,-0.51208,-3.51366,7.57092
HS,163,1739358100347,-0.405,-0.66405,12.16305,-2.26103,0.7563,6.86976
HS,164,1739358100364,1.14105,-1.608,6.642,-1.14233,0.19695,7.99634
HS,165,1739358100381,1.14105,-1.608,6.642,-4.08089,-4.63236,6.10558
HS,166,1739358100397,-3.249,-1.308,10.944,-3.0331,-1.34717,7.01157
HS,167,1739358100414,0.942,-1.608,9.67305,-0.8666,2.08771,6.38132
HS,168,1739358100431,1.36395,0.9,9.45495,-4.00999,6.28678,5.82197
HS,169,1739358100447,1.93605,-2.48205,7.81995,-4.43541,1.8041,7.08247
HS,170,1739358100463,-1.788,-1.11495,8.01795,4.03362,5.93226,7.15338
HS,171,1739358100480,-0.71295,-1.44,12.39495,4.31724,2.85978,5.12081
HS,172,1739358100497,-0.71295,-1.44,12.39495,5.57774,14.5431,7.50002
HS,173,1739358100513,0.73695,0.10305,7.29795,3.26944,0.19695,5.68016
HS,174,1739358100530,-0.64605,-1.476,9.55305,2.49738,2.29255,5.68016
HS,175,1739358100547,-1.21395,0.37395,10.698,-0.02363,3.27732,6.10558
HS,176,1739358100563,0.19995,-1.93605,8.08995,-2.40284,-4.21482,2.88341
HS,177,1739358100580,0.32205,0.50805,9.76905,-3.0331,0.89811,3.51366
HS,178,1739358100596,-2.124,-1.35405,9.903,-1.28414,-0.01576,1.96954
HS,179,1739358100613,1.01205,-2.53395,10.10595,0.39391,-2.81251,2.81251
HS,180,1739358100629,1.01205,-2.53395,10.10595,0.74843,5.16808,3.23005
HS,181,1739358100646,0.08295,0.28305,10.269,1.58351,2.01681,2.5998
HS,182,1739358100663,-0.72495,-2.05305,11.52405,2.42648,6.56252,3.72637
HS,183,1739358100679,-0.747,-1.69605,9.55095,1.72532,-0.57511,2.53677
HS,184,1739358100697,-0.558,-0.585,10.59195,1.51261,2.71797,3.30095
HS,185,1739358100712,-2.59305,-2.886,8.325,5.36503,6.28678,2.18225
HS,186,1739358100730,-0.88305,0.45,11.86605,4.10453,-8.06725,1.83561
HS,187,1739358100746,-0.37605,-1.40895,8.27205,3.54518,1.17385,3.44276
HS,188,1739358100762,-0.37605,-1.40895,8.27205,0.81933,-4.84507,1.83561
HS,189,1739358100779,-0.201,0.50505,11.33205,1.23687,2.78887,3.58457
HS,190,1739358100795,-1.54695,-1.68405,9.74505,1.02416,2.71797,3.15915
HS,191,1739358100813,0.516,-3.04005,11.514,-1.49685,4.95537,2.25316
HS,192,1739358100829,-0.081,-0.50895,9.369,0.53572,2.08771,2.32406
HS,193,1739358100846,0.04695,-1.98405,9.663,2.91492,0.6854,2.95431
HS,194,1739358100862,-1.82205,-1.69605,10.08,3.68698,3.55305,3.30095
HS,195,1739358100878,-1.82205,-1.69605,10.08,6.97218,1.52837,3.15915
HS,196,1739358100895,-1.008,0.3,8.42295,7.25579,-2.60767,3.30095
HS,197,1739358100910,-0.855,-0.74295,8.82495,6.2789,-0.01576,3.02522
HS,198,1739358100927,-0.04095,0.72795,11.739,0.2521,-1.27626,1.96954
HS,199,1739358100945,0.75105,-1.074,6.88395,1.93803,-4.42753,1.83561
HS,200,1739358100962,-0.24705,-0.48705,10.33095,3.05673,2.50526,2.18225
HS,201,1739358100978,-1.12005,0.46005,9.83295,-0.7957,4.81356,1.90652
HS,202,1739358100992,-1.12005,0.46005,9.83295,-3.59245,3.55305,0.99265
HS,203,1739358101011,-0.35895,-1.31295,9.714,-1.70168,1.52837,0.92175
HS,204,1739358101028,-2.30295,-1.66995,9.606,2.21377,0.40966,1.33929
HS,205,1739358101043,-0.618,0.03405,10.839,0.67752,2.78887,0.71691
HS,206,1739358101062,-0.56505,0.63,10.64505,1.65442,5.02627,0.77994
HS,207,1739358101078,-1.27095,-1.78305,9.31395,-0.65389,-1.27626,0.57511
HS,208,1739358101094,-1.34295,0.237,9.73005,-1.28414,2.36345,0.4333
HS,209,1739358101111,-0.52395,-3.042,10.78905,-3.104,0.6854,-0.05515
HS,210,1739358101127,-0.52395,-3.042,10.78905,-4.1518,5.16808,0.85084
HS,211,1739358101143,-1.45305,-1.05,10.38405,0.04727,2.50526,1.33929
HS,212,1739358101162,0.43695,-0.81795,10.743,-0.65389,5.72743,0.29149
HS,213,1739358101174,-1.137,-0.066,10.09905,3.05673,6.98794,1.41019
HS,214,1739358101195,0.303,0.49305,11.01105,-2.26103,-0.08666,0.01576
HS,215,1739358101208,-1.01505,0.072,11.29395,-5.83772,9.50895,0.01576
HS,216,1739358101227,1.314,-3.15195,6.75405,-3.45064,-7.36609,0.4333
HS,217,1739358101243,1.314,-3.15195,6.75405,1.65442,-3.23005,0.64601
HS,218,1739358101260,1.35195,1.90395,8.766,-3.38761,2.50526,-1.11082
HS,219,1739358101277,-2.06595,0.25905,8.73,-4.00999,-4.21482,0.3624
HS,220,1739358101294,-0.852,-1.557,9.10305,-3.38761,5.51472,0.01576
HS,221,1739358101310,1.407,-1.24605,8.28705,-4.2936,-3.02522,-1.67017
HS,222,1739358101326,-0.567,-1.227,8.31795,-4.64024,-1.4811,-0.40966
HS,223,1739358101343,-1.49595,-2.78295,10.82505,-2.96219,12.09299,-1.67017
HS,224,1739358101360,-1.49595,-2.78295,10.82505,-0.37027,1.59927,-2.50526
HS,225,1739358101375,-1.13205,-1.11495,9.95505,3.75789,5.93226,-0.7563
HS,226,1739358101391,-0.31605,-0.58305,8.71995,1.37868,1.94591,-2.71797
HS,227,1739358101410,-2.56395,-0.48705,9.46695,3.05673,5.65653,1.4811
HS,228,1739358101426,-1.45605,-1.67205,9.29895,5.0893,-1.06355,-3.06461
HS,229,1739358101443,0.92595,-1.61295,9.711,3.75789,3.83667,-2.36345
HS,230,1739358101459,-1.362,-0.41295,11.574,1.02416,1.17385,-2.30043
HS,231,1739358101476,-1.73295,-2.20395,9.546,-2.82038,5.65653,-3.27732
HS,232,1739358101492,-1.73295,-2.20395,9.546,-2.68646,-0.5042,-2.08771
HS,233,1739358101509,0.92805,-0.34605,10.374,-5.06566,2.50526,-3.20641
HS,234,1739358101526,-2.39205,-1.70595,9.36195,-6.60191,-5.12081,-3.90757
HS,235,1739358101542,-0.06495,-0.73905,9.33795,-5.62501,-2.04045,-2.85978
HS,236,1739358101559,-3.95805,-2.03205,10.626,-3.73425,2.64706,-2.9937
HS,237,1739358101575,-0.24405,-0.111,10.04895,-6.39707,-2.04045,-3.62396
HS,238,1739358101592,1.34205,-0.51795,7.91295,-6.18436,-2.7416,-3.06461
HS,239,1739358101608,1.34205,-0.51795,7.91295,-4.2936,-0.85084,-3.27732
HS,240,1739358101625,0.375,-1.09095,10.00305,-4.85295,2.01681,-4.12028
HS,241,1739358101641,-2.45205,-3.94005,8.31495,-2.75736,-2.39496,-2.57616
HS,242,1739358101654,-1.281,-2.427,9.90795,-1.63078,3.97848,-4.1124
HS,243,1739358101675,-0.10305,-2.05305,12.10305,-2.40284,-1.4811,-5.37291
HS,244,1739358101691,1.52895,-1.917,9.46905,-5.97165,4.32512,-4.18331
HS,245,1739358101708,-2.382,-2.80695,6.63705,3.05673,4.25421,-2.78887
HS,246,1739358101725,-1.09905,-0.822,15.05505,1.37868,-6.59403,-4.46692
HS,247,1739358101741,-1.09905,-0.822,15.05505,3.33247,4.88447,-2.9937
HS,248,1739358101758,1.074,-1.72695,10.21605,4.66388,5.09718,-3.48215
HS,249,1739358101775,-0.73695,-3.58095,9.453,3.26944,-2.52889,-3.62396
HS,250,1739358101791,-0.48405,-1.40205,10.032,2.98583,-12.68385,-4.1124
HS,251,1739358101808,-2.36295,-3.21405,8.12595,4.03362,11.74635,-3.41913
HS,252,1739358101825,-3.414,-2.53695,10.05405,3.75789,-6.73584,-3.55305
HS,253,1739358101841,1.536,-3.02295,8.37795,3.96272,-1.96954,-2.43435
HS,254,1739358101858,1.536,-3.02295,8.37795,3.26944,-5.96377,-3.90757
HS,255,1739358101874,1.06005,0.81405,11.811,4.94749,6.84613,-3.34822
HS,256,1739358101891,-1.10805,-3.96105,7.18995,8.09876,-8.97324,-3.41913
HS,257,1739358101907,-0.66795,-0.90105,10.461,11.52576,2.08771,-2.8519
HS,258,1739358101924,0.86295,0.843,7.84095,14.25949,-6.86976,-2.9228
HS,259,1739358101938,0.282,0.912,8.28705,13.76316,0.05515,-2.22164
HS,260,1739358101956,0.04005,2.71095,11.86395,3.61608,-12.68385,-3.69486
HS,261,1739358101972,0.04005,2.71095,11.86395,0.60662,7.76,-2.29255
HS,262,1739358101990,-2.11605,-3.6,7.58295,5.99529,-4.49056,-3.20641
HS,263,1739358102007,-0.70395,-1.66995,7.66905,7.25579,-16.39447,-3.83667
HS,264,1739358102023,-4.99695,-0.528,12.321,0.67752,-9.7453,-3.97848
HS,265,1739358102040,-0.768,1.57095,12.16995,-4.1518,7.20065,-4.60873
HS,266,1739358102057,-0.12705,-3.61695,7.63305,1.23687,-16.11086,-3.69486
HS,267,1739358102073,-1.91805,-0.78405,13.79595,0.74843,-15.76422,-6.07407
HS,268,1739358102090,2.00505,-0.66195,11.65995,-2.0562,-6.23951,-5.30201
HS,269,1739358102107,2.00505,-0.66195,11.65995,1.44958,-4.28572,-2.50526
HS,270,1739358102123,-1.662,-1.18605,6.939,-3.38761,-19.47483,-3.83667
HS,271,1739358102140,-1.63995,-1.71105,15.57195,-1.84349,0.7563,-0.26786
HS,272,1739358102156,-2.24295,-3.432,6.75195,-0.8666,-13.31411,-2.71797
HS,273,1739358102174,0.56895,-4.43505,9.477,2.07984,-11.76999,1.34717
HS,274,1739358102189,-2.394,1.69305,15.37605,-3.87606,-6.73584,-0.47269
HS,275,1739358102206,-1.068,-4.05495,9.015,-10.66704,1.17385,0.4333
HS,276,1739358102223,0.816,-0.49395,11.25105,-15.21275,-9.7453,1.4811
HS,277,1739358102239,0.816,-0.49395,11.25105,-11.85664,8.24844,1.4811
HS,278,1739358102255,-1.22805,-3.89205,7.49205,-8.35086,-3.72637,2.95431
HS,279,1739358102272,-2.25105,-4.18605,7.068,4.73478,-11.69908,2.81251
HS,280,1739358102289,1.275,-0.92805,11.241,1.23687,-8.20117,2.18225
HS,281,1739358102306,2.40795,3.71895,10.518,-4.78205,4.46692,4.00211
HS,282,1739358102322,-0.654,-0.633,5.265,-7.37397,3.34822,4.98688
HS,283,1739358102339,0.34095,-1.761,7.35495,-9.33563,-11.28154,5.33352
HS,284,1739358102356,0.34095,-1.761,7.35495,-4.92386,-8.13027,5.04991
HS,285,1739358102372,4.11,-2.83095,11.988,-0.7957,10.48584,5.75106
HS,286,1739358102389,-0.05505,2.41395,9.79305,-6.11346,-5.19171,3.37186
HS,287,1739358102405,-0.66105,3.62295,8.77695,-9.47744,-0.08666,6.59403
HS,288,1739358102422,-1.45605,-0.25995,8.34405,-4.50631,5.86924,4.84507
HS,289,1739358102438,-1.45995,-1.797,8.87595,-6.67281,-9.53259,4.91598
HS,290,1739358102455,1.54305,-5.154,8.658,0.04727,1.8041,6.31041
HS,291,1739358102471,1.54305,-5.154,8.658,-0.51208,-2.11135,5.26262
HS,292,1739358102488,-1.57995,-0.85395,12.54405,0.04727,10.1392,5.96377
HS,293,1739358102505,-1.45305,-3.729,5.56695,0.11817,-9.53259,5.96377
HS,294,1739358102522,0.765,-0.03705,12.01905,1.02416,2.08771,5.47533
HS,295,1739358102538,-0.73005,-0.99495,9.48105,2.35557,12.16389,6.31041
HS,296,1739358102554,0.94995,-1.93305,7.884,3.26944,-18.77368,4.35663
HS,297,1739358102571,-1.79295,-0.48495,10.97505,5.57774,13.14866,8.27208
HS,298,1739358102587,-1.29,0.438,12.28005,-4.2227,2.15862,4.56146
HS,299,1739358102604,-1.29,0.438,12.28005,-7.09035,18.81307,6.03468
HS,300,1739358102621,0.40395,-0.88005,6.726,5.71955,9.36714,5.47533
HS,301,1739358102638,-0.43305,-4.12905,3.94305,11.10822,-18.91549,6.10558
HS,302,1739358102654,-2.46105,-1.73505,13.50405,8.72901,-1.33929,6.66493
HS,303,1739358102671,-1.16805,-3.171,11.44695,3.82879,3.49003,5.89287
HS,304,1739358102687,1.23495,1.662,11.16195,0.67752,12.86505,5.75106
HS,305,1739358102703,-0.02595,-2.05995,9.58695,2.91492,2.9228,6.59403
HS,306,1739358102721,3.08295,-2.36895,7.908,12.08511,0.7563,6.66493
HS,307,1739358102737,3.08295,-2.36895,7.908,8.16966,-0.22059,6.94067
HS,308,1739358102754,-3.15105,2.41395,9.46695,5.71955,4.53783,7.78363
HS,309,1739358102770,2.331,-0.25005,10.113,0.60662,-3.44276,5.47533
HS,310,1739358102786,-4.22295,-0.40305,7.97505,2.56828,21.20015,8.20117
HS,311,1739358102803,0.97095,-2.76195,13.60005,1.79622,0.33876,6.59403
HS,312,1739358102819,-1.60605,-1.66995,5.586,2.98583,6.63342,7.57092
HS,313,1739358102837,2.29305,1.578,16.18995,-5.48321,-19.19122,3.8603
HS,314,1739358102853,2.29305,1.578,16.18995,-1.9144,14.89762,6.94067
HS,315,1739358102867,-0.64605,-1.54995,4.60695,-8.42176,-2.46587,4.00211
HS,316,1739358102882,-1.48695,-2.379,11.86905,-10.52523,-4.84507,3.65547
HS,317,1739358102903,-0.89805,-4.47405,3.852,0.74843,-0.99265,1.6229
HS,318,1739358102919,0.29595,-2.78595,12.52905,8.30359,-0.29149,4.56146
HS,319,1739358102937,-2.20305,2.06595,10.05105,4.45904,-5.54623,-0.96901
HS,320,1739358102953,4.67505,1.887,10.875,6.83825,7.26367,2.25316
HS,321,1739358102969,4.67505,1.887,10.875,5.85348,21.6886,1.06355
HS,322,1739358102986,-4.437,-2.72595,5.76495,-7.09035,-16.67021,-4.95537
HS,323,1739358103002,-8.454,-2.28495,11.73705,1.30778,19.72694,2.25316
HS,324,1739358103019,2.95395,-3.26205,12.774,-9.68227,4.12028,-4.46692
HS,325,1739358103036,-0.56505,-1.335,6.59895,-4.36451,24.69806,0.15756
HS,326,1739358103053,-3.972,-2.328,6.69405,3.68698,-28.29051,-1.03992
HS,327,1739358103069,-4.64505,-3.66195,15.82605,-3.38761,7.61819,-6.14497
HS,328,1739358103085,-3.117,0.14895,7.72395,-6.04256,-3.93121,-3.83667
HS,329,1739358103102,-3.117,0.14895,7.72395,-12.76263,-6.73584,-4.53783
HS,330,1739358103119,-0.285,-3.71205,12.04605,-9.82408,-0.85084,-2.15862
HS,331,1739358103135,-1.173,-0.70695,10.63095,-5.69592,-1.96954,-2.36345
HS,332,1739358103151,0.186,-4.72695,6.82395,-4.99476,1.45746,-2.64706
HS,333,1739358103168,0.07995,-2.793,11.18595,-3.24581,2.57616,-1.03992
HS,334,1739358103185,-1.00095,-0.02805,6.17505,-0.23635,-1.13446,-3.13551
HS,335,1739358103202,1.27005,0.27105,9.23505,-3.0331,4.60873,-1.38656
HS,336,1739358103218,1.27005,0.27105,9.23505,-2.61555,5.30989,-2.08771
HS,337,1739358103234,1.632,1.26405,10.12095,-8.63447,5.93226,-0.82721
HS,338,1739358103252,0.741,-3.396,7.401,-8.14603,9.15443,-1.31565
HS,339,1739358103268,-0.85695,-3.88695,7.827,-1.63078,-7.85453,-2.08771
HS,340,1739358103283,-0.42405,-1.75605,8.95695,4.38814,3.49003,-1.17385
HS,341,1739358103301,0.09195,1.15695,10.365,-0.58298,-0.08666,-3.55305
HS,342,1739358103316,1.26105,-2.86005,5.42295,2.21377,0.47269,-0.48057
HS,343,1739358103334,0.186,-0.372,13.992,4.66388,-5.75106,-3.20641
HS,344,1739358103351,0.186,-0.372,13.992,7.88605,9.50895,-3.62396
HS,345,1739358103367,-1.851,-1.10295,6.33495,2.28467,-9.60349,-4.04938
HS,346,1739358103384,-4.50795,0.96495,13.85595,5.43594,9.57985,-2.71797
HS,347,1739358103402,2.049,-0.47505,7.81305,-3.52154,-4.28572,-2.30043
HS,348,1739358103418,1.89495,-3.74805,9.771,0.74843,-13.1014,-3.27732
HS,349,1739358103434,-1.08,-2.793,9.44805,6.55464,0.54359,-3.41913
HS,350,1739358103450,-1.48395,-0.84405,10.76505,4.10453,0.7563,-4.53783
HS,351,1739358103467,-1.48395,-0.84405,10.76505,0.39391,-3.16702,-3.13551
HS,352,1739358103483,-2.931,-0.669,7.62105,4.24633,-7.64182,-4.18331
HS,353,1739358103500,-1.08195,-2.80005,11.41605,11.66757,0.7563,-1.45746
HS,354,1739358103518,0.27195,-3.06105,7.425,14.95277,-5.68016,-3.20641
HS,355,1739358103533,0.552,2.229,9.28695,14.25949,-10.65129,-2.85978
HS,356,1739358103550,1.19895,2.24595,12.80205,6.55464,-1.6229,-1.10294
HS,357,1739358103567,-3.54105,1.09395,9.82395,0.18908,6.49949,-0.96901
HS,358,1739358103583,1.88295,-1.21305,11.29395,-6.39707,8.17754,-3.20641
HS,359,1739358103599,1.88295,-1.21305,11.29395,-2.68646,11.67545,0.77994
HS,360,1739358103616,-3.27795,-1.347,7.22805,0.323,-18.28523,-4.53783
HS,361,1739358103629,-4.54395,-3.47295,12.35505,5.71955,-1.20536,0.14969
HS,362,1739358103650,-2.60295,-1.76295,13.14705,3.54518,-7.99634,-1.67017
HS,363,1739358103667,-2.538,-1.15305,6.228,3.54518,3.49003,3.44276
HS,364,1739358103683,-0.67005,-2.22795,13.93005,-8.84718,-23.04365,-3.62396
HS,365,1739358103699,1.665,-1.61295,8.62695,-3.104,-7.15338,1.27626
HS,366,1739358103715,1.665,-1.61295,8.62695,-3.45064,-6.10558,-2.9937
HS,367,1739358103733,-3.855,-4.69905,14.09805,1.30778,5.37291,-1.38656
HS,368,1739358103749,-4.863,-2.20905,7.93905,3.68698,-19.19122,0.22059
HS,369,1739358103766,-0.675,-0.87,10.93695,8.02785,4.1124,-0.19695
HS,370,1739358103783,-1.54395,-1.107,16.25505,-2.82038,-2.11135,-1.10294
HS,371,1739358103799,1.302,-3.94005,8.22195,-7.93332,-6.10558,-0.89811
HS,372,1739358103816,2.15595,3.237,11.33205,-5.13657,-7.15338,1.06355
HS,373,1739358103833,-2.91405,-3.13995,4.353,-3.0331,10.97429,0.99265
HS,374,1739358103849,-2.91405,-3.13995,4.353,2.63919,-2.04045,2.88341
HS,375,1739358103865,1.37295,0.94095,7.401,-11.85664,-40.75377,-3.41913
HS,376,1739358103882,1.26795,-1.476,10.71195,4.24633,11.39971,0.29149
HS,377,1739358103899,-0.56505,-1.689,3.651,-2.54465,-1.6229,6.73584
HS,378,1739358103915,-2.562,1.767,16.50105,1.58351,7.19277,0.57511
HS,379,1739358103932,-1.32405,-0.87495,8.34405,-5.55411,10.55675,-0.82721
HS,380,1739358103949,-0.68205,-3.15195,10.69095,-6.39707,-5.04991,-0.19695
HS,381,1739358103966,-0.68205,-3.15195,10.69095,-0.58298,3.20641,0.08666
HS,382,1739358103981,-1.25895,-1.227,10.29495,4.10453,-1.41019,2.04045
HS,383,1739358103999,0.59805,-2.74695,6.87405,4.45904,-13.94436,1.13446
HS,384,1739358104015,0.56205,-0.71505,14.13405,3.75789,7.12974,1.41019
HS,385,1739358104029,-1.72605,-1.22505,8.02095,-0.16544,-1.34717,0.64601
HS,386,1739358104047,0.68895,-1.56495,9.747,-1.28414,-6.73584,2.04045
HS,387,1739358104065,-3.32805,-0.75105,9.75705,-3.52154,3.13551,0.3624
HS,388,1739358104081,-3.32805,-0.75105,9.75705,-3.52154,-7.01157,2.11135
HS,389,1739358104098,1.16505,-4.77105,11.67195,1.44958,4.25421,2.53677
HS,390,1739358104112,-0.675,-1.62405,8.172,4.24633,-5.26262,1.13446
HS,391,1739358104131,0.26205,-0.81,9.27495,4.73478,-10.79309,3.65547
HS,392,1739358104147,-2.94,-1.60305,9.50505,3.96272,3.34822,2.18225
HS,393,1739358104165,-1.362,0.96495,8.94495,-2.75736,-7.78363,3.02522
HS,394,1739358104181,-0.34905,-0.636,9.513,-2.33194,-3.44276,2.18225
HS,395,1739358104198,-1.09695,-0.684,10.57995,-3.45064,3.90757,2.81251
HS,396,1739358104214,-1.09695,-0.684,10.57995,6.55464,14.05465,4.98688
HS,397,1739358104230,1.239,-4.54095,6.663,4.66388,-7.85453,4.35663
HS,398,1739358104247,-0.852,-0.45795,10.30695,3.12763,5.51472,5.19171
HS,399,1739358104263,-1.23495,-2.01705,10.61895,0.53572,-12.40024,4.00211
HS,400,1739358104281,0.234,-0.456,8.82105,-0.02363,0.05515,4.28572
HS,401,1739358104297,-1.21905,-0.909,8.21505,1.93803,-1.6229,5.82197
HS,402,1739358104313,-2.95005,-2.23305,11.81805,-2.68646,-2.25316,4.41965
HS,403,1739358104330,-2.95005,-2.23305,11.81805,-2.89129,-0.29149,4.91598
HS,404,1739358104346,-2.29605,-2.17995,10.16595,-2.26103,-2.25316,6.59403
HS,405,1739358104363,0.38205,-2.331,9.36195,2.84402,-3.16702,7.22428
HS,406,1739358104379,-1.43895,0.819,14.349,1.23687,4.60873,7.42911
HS,407,1739358104396,2.44605,-3.102,9.45495,-1.42595,0.05515,6.10558
HS,408,1739358104411,-2.289,-0.36,10.65195,0.323,-1.41019,7.85453
HS,409,1739358104430,0.26505,-0.22095,9.11505,0.04727,11.53364,7.99634
HS,410,1739358104446,2.29995,-0.35295,11.373,-3.1749,-0.15756,7.85453
HS,411,1739358104463,2.29995,-0.35295,11.373,1.58351,-0.15756,11.0058
HS,412,1739358104478,2.15895,-2.982,4.12995,8.4454,20.56202,6.59403
HS,413,1739358104495,-2.20305,1.30305,9.96,-3.24581,-29.27528,4.91598
HS,414,1739358104511,-3.321,1.34595,11.70795,5.71955,17.55256,9.04414
HS,415,1739358104529,-0.804,-0.75105,9.153,-0.8666,-2.11135,8.55569
HS,416,1739358104546,0.198,0.546,8.35395,-1.84349,-2.53677,8.55569
HS,417,1739358104562,-1.26195,-2.71605,12.00705,-5.97165,-0.4333,7.29519
HS,418,1739358104579,-1.26195,-2.71605,12.00705,-1.49685,5.51472,8.55569
HS,419,1739358104596,1.27995,-0.13005,9.66105,1.30778,-1.69381,8.68962
HS,420,1739358104612,-0.25605,-2.352,7.91805,0.46481,0.33876,6.10558
HS,421,1739358104628,-4.188,-3.789,8.24805,2.63919,-8.06725,7.57092
HS,422,1739358104645,-3.13395,-1.155,11.79705,4.52207,13.49531,6.59403
HS,423,1739358104662,-0.543,2.10495,10.374,-0.65389,-1.06355,5.47533
HS,424,1739358104679,0.83895,-0.75495,10.21395,0.53572,5.65653,6.52312
HS,425,1739358104695,-2.904,-1.81395,8.94495,3.75789,3.06461,5.40442
HS,426,1739358104712,-2.904,-1.81395,8.94495,2.63919,-5.33352,5.54623
HS,427,1739358104727,0.042,-0.822,10.719,3.82879,4.46692,5.26262
HS,428,1739358104746,-0.33,0.03405,8.943,1.93803,-7.15338,4.63236
HS,429,1739358104761,-1.02195,-0.303,11.184,3.19854,4.46692,5.40442
HS,430,1739358104778,0.27,0.68505,9.25605,2.70221,3.41913,6.03468
HS,431,1739358104795,-2.136,0.153,9.189,-0.8666,-0.57511,5.26262
HS,432,1739358104812,0.96195,-1.69905,8.61705,-3.73425,-5.05779,5.26262
HS,433,1739358104828,0.96195,-1.69905,8.61705,-0.9375,0.19695,5.26262
HS,434,1739358104845,2.142,2.244,8.409,-15.21275,-1.83561,5.75106
HS,435,1739358104860,-1.24695,0.762,7.626,-16.61506,-14.08617,7.85453
HS,436,1739358104877,-1.446,-4.716,7.93005,2.21377,-13.2432,19.60876
HS,437,1739358104893,1.62,-6.573,8.75805,1.86713,-5.26262,15.90602
HS,438,1739358104911,6.07605,0.29205,14.66505,5.99529,28.82622,1.76471
HS,439,1739358104929,-6.32295,-0.39405,8.337,2.07984,35.96384,4.98688
HS,440,1739358104944,1.81905,-1.39005,12.28005,-0.51208,-7.08247,4.63236
HS,441,1739358104961,1.81905,-1.39005,12.28005,4.80568,18.53733,6.45222
HS,442,1739358104977,-1.63305,0.276,6.47205,1.44958,-23.46119,4.14392
HS,443,1739358104994,-1.87695,-1.16505,14.94795,4.59297,17.83618,5.12081
HS,444,1739358105011,-1.13505,-1.47105,6.26295,1.44958,5.44382,5.54623
HS,445,1739358105027,3.12105,1.16595,14.361,-7.65758,-1.41019,2.18225
HS,446,1739358105041,3.12105,1.16595,14.361,0.74843,21.6177,5.96377
HS,447,1739358105060,-4.53705,0.297,8.517,0.18908,5.93226,4.77417
HS,448,1739358105077,-4.53705,0.297,8.517,-8.00422,-9.8162,4.35663
HS,449,1739358105093,-2.16,-0.27405,11.63895,-4.78205,6.42859,6.52312
HS,450,1739358105110,-1.35495,-2.874,4.662,-3.38761,-9.46168,2.88341
HS,451,1739358105127,-2.89905,-5.577,11.967,13.41652,2.9937,5.60926
HS,452,1739358105143,-0.00195,-2.69505,3.738,41.55734,2.9228,4.98688
HS,453,1739358105159,-6.99795,1.57095,18.54105,-40.2732,-16.95382,-9.36714
HS,454,1739358105176,0.387,-1.536,4.13295,10.19435,58.92871,2.88341
HS,455,1739358105193,0.387,-1.536,4.13295,11.17912,61.16611,9.11504
HS,456,1739358105209,0.648,4.485,9.46695,-13.04625,-21.5074,3.23005
HS,457,1739358105227,3.98295,2.196,10.85295,6.41283,27.42391,4.28572
HS,458,1739358105243,-1.8,-1.09095,6.84795,-10.24162,-17.93071,-0.33876
HS,459,1739358105259,-1.83195,-4.72695,8.78505,10.89551,3.34822,7.15338
HS,460,1739358105276,-1.94205,0.10305,12.54405,4.59297,-9.25685,2.88341
HS,461,1739358105293,-1.22595,1.695,9.62295,2.49738,12.51841,3.15915
HS,462,1739358105310,-1.06995,0.606,9.50805,-1.28414,3.13551,2.88341
HS,463,1739358105325,-1.06995,0.606,9.50805,-2.40284,4.39602,2.53677
HS,464,1739358105342,1.16295,-0.633,9.429,-3.66335,-4.07301,0.64601
HS,465,1739358105359,-1.48695,-2.09595,9.225,-2.96219,-5.05779,1.13446
HS,466,1739358105374,-1.29495,-2.898,8.89005,6.90915,-0.08666,3.30095
HS,467,1739358105393,-0.18195,-1.51005,10.68105,5.57774,10.69855,2.18225
HS,468,1739358105406,-0.213,2.47395,6.55095,7.74424,6.91703,3.09612
HS,469,1739358105425,-0.58905,-0.657,16.05405,-4.85295,5.86924,0.57511
HS,470,1739358105442,-0.58905,-0.657,16.05405,6.2789,23.64239,2.88341
HS,471,1739358105459,-1.27605,-5.49795,5.1,-1.84349,-15.90602,1.27626
HS,472,1739358105477,-1.55595,1.83705,15.35505,-0.51208,30.15763,2.7416
HS,473,1739358105494,0.708,-1.56195,7.068,-2.40284,-15.06306,2.6707
HS,474,1739358105511,0.19095,-2.02905,8.253,2.07984,-0.08666,1.20536
HS,475,1739358105526,0.306,1.353,10.05795,6.83825,-3.16702,1.76471
HS,476,1739358105542,-1.18995,1.437,9.91695,4.94749,18.32462,1.69381
HS,477,1739358105561,-0.35895,1.08195,11.29395,-5.69592,3.97848,-0.26786
HS,478,1739358105577,-0.35895,1.08195,11.29395,-8.98111,6.77523,-0.6145
HS,479,1739358105593,0.69105,0.57495,6.57705,-12.76263,1.38656,-2.43435
HS,480,1739358105610,-5.547,-3.49005,10.17795,6.48373,1.10294,-0.19695
HS,481,1739358105624,-2.36295,-2.29695,9.31395,1.86713,-10.44645,0.3624
HS,482,1739358105639,2.74095,1.59195,13.45395,-10.87187,22.24795,-2.50526
HS,483,1739358105658,-0.68505,-4.48095,2.46405,6.208,27.70752,-1.03992
HS,484,1739358105675,-5.832,-0.98805,16.329,-3.66335,-7.92544,-8.45328
HS,485,1739358105690,-5.832,-0.98805,16.329,8.30359,21.7595,2.32406
HS,486,1739358105707,-2.88495,-3.47295,2.955,5.71955,-19.89238,-3.20641
HS,487,1739358105724,-1.76205,-1.23405,13.25505,9.91862,13.77892,-1.8041
HS,488,1739358105740,-1.779,2.22195,12.819,-1.9144,-3.02522,-3.69486
HS,489,1739358105758,2.61795,-2.08395,5.70795,4.38814,11.67545,-3.97848
HS,490,1739358105774,1.287,-0.492,10.57995,-1.70168,-22.06675,-4.12028
HS,491,1739358105791,2.94195,1.26405,10.24995,7.3267,10.90339,-4.04938
HS,492,1739358105807,2.94195,1.26405,10.24995,7.60243,8.52418,-1.7332
HS,493,1739358105823,3.66705,-0.35805,5.50005,5.71955,-2.88341,-5.51472
HS,494,1739358105839,-0.18405,4.69095,12.13395,-7.16126,5.72743,-4.67963
HS,495,1739358105856,-1.662,0.369,3.97005,9.14655,18.67914,-1.7332
HS,496,1739358105874,5.38095,-4.725,6.58395,1.44958,-41.31312,-7.61819
HS,497,1739358105890,-1.104,3.42195,14.73405,-3.66335,25.88766,-4.95537
HS,498,1739358105906,-2.49495,-2.80995,2.883,1.44958,14.4722,-5.51472
HS,499,1739358105923,-0.07395,0.33795,17.71095,-12.06148,-4.77417,-7.26367
HS,500,1739358105940,-0.07395,0.33795,17.71095,-0.65389,25.81676,-5.37291
HS,501,1739358105957,-1.45995,-4.06905,2.82495,-10.59614,-30.32308,-8.03573
HS,502,1739358105973,-1.07295,-0.15705,15.28005,-11.57303,8.31935,-5.65653
HS,503,1739358105989,-4.54695,-0.92805,8.04705,-7.86241,-1.90652,-6.14497
HS,504,1739358106006,1.857,-2.65905,11.418,-4.2227,-17.22956,-5.94014
HS,505,1739358106022,-0.26595,0.984,10.52505,0.04727,6.49949,-6.28678
HS,506,1739358106039,0.48,-4.15005,9.84495,-5.69592,-6.24739,-6.91703
HS,507,1739358106056,0.48,-4.15005,9.84495,-2.12711,1.45746,-6.84613
HS,508,1739358106073,-3.13605,-3.83205,10.17105,5.50684,8.66599,-4.32512
HS,509,1739358106089,2.19705,-1.416,11.39895,-2.75736,-10.30465,-7.47638
HS,510,1739358106105,-2.361,4.32405,10.05405,5.22323,27.21908,-2.15862
HS,511,1739358106122,0.23895,-3.45105,8.256,2.42648,-29.97644,-6.28678
HS,512,1739358106137,-0.51195,1.95195,12.09795,4.66388,22.38976,-4.88447
HS,513,1739358106155,0.03,-0.92805,6.39,1.02416,-6.10558,-3.90757
HS,514,1739358106172,0.51105,-1.57695,9.73995,1.30778,5.16808,-2.85978
HS,515,1739358106189,0.51105,-1.57695,9.73995,1.16597,2.85978,-0.89811
HS,516,1739358106205,-2.715,-2.07495,6.94605,8.72901,-11.63606,0.92175
HS,517,1739358106222,-1.18005,-4.71795,10.82505,12.22692,2.15862,-2.78887
HS,518,1739358106238,1.986,2.18595,11.49,5.43594,4.53783,-3.62396
HS,519,1739358106255,1.33995,3.06705,3.18405,-0.09454,5.58562,-4.04938
HS,520,1739358106272,-0.46005,3.09405,10.10595,-5.3414,-15.55151,-3.90757
HS,521,1739358106289,1.52205,-3.38205,7.33395,2.70221,-9.46168,-9.92649
HS,522,1739358106305,-2.36505,-4.26495,9.771,7.81514,2.64706,-3.55305
HS,523,1739358106321,-2.36505,-4.26495,9.771,2.07984,11.1161,-1.24475
HS,524,1739358106338,1.40205,1.719,8.65995,-11.64394,-17.51317,-3.69486
HS,525,1739358106355,-2.16705,-0.95595,11.25795,-4.36451,16.01632,-4.53783
HS,526,1739358106372,-0.759,-2.75895,8.007,-9.82408,-11.84089,-3.90757
HS,527,1739358106388,0.07605,-0.74295,9.79005,-8.77628,-5.68016,-3.06461
HS,528,1739358106405,-2.48295,-2.10795,11.29605,-10.03679,-6.59403,-4.88447
HS,529,1739358106419,-2.48295,-2.10795,11.29605,-11.15549,-22.41339,-3.13551
HS,530,1739358106438,-0.17205,-2.745,9.49605,-3.31671,-18.42704,-2.64706
HS,531,1739358106454,-1.05795,-4.443,9.40695,-0.51208,-22.90184,1.41019
HS,532,1739358106471,2.56305,-1.68405,10.04205,-15.63029,24.62716,-3.06461
HS,533,1739358106487,-0.67005,-1.40895,13.458,-2.26103,40.44652,4.98688
HS,534,1739358106504,0.08805,-2.89605,8.337,-6.67281,-18.70277,-1.875
HS,535,1739358106521,-1.19205,0.68295,12.17505,-0.58298,4.88447,-2.43435
HS,536,1739358106537,-1.13205,-3.38205,3.843,-0.51208,4.95537,0.14969
HS,537,1739358106554,-1.13205,-3.38205,3.843,11.80938,-3.7894,-2.50526
HS,538,1739358106569,-2.04,-1.14105,9.345,-0.23635,-0.57511,-3.90757
HS,539,1739358106586,-2.02305,-2.51805,14.41095,16.14237,41.98277,3.16702
HS,540,1739358106603,-1.14705,-1.56,-0.44205,5.78258,-10.864,-2.36345
HS,541,1739358106620,3.09195,7.494,18.58005,-22.84669,-62.9387,-12.86505
HS,542,1739358106637,-2.10195,-2.47695,1.188,19.50635,50.03426,4.00211
HS,543,1739358106653,0.32895,-6.471,8.868,7.04308,11.74635,4.49056
HS,544,1739358106670,-5.33895,-0.76305,13.13505,0.39391,-63.22231,1.41019
HS,545,1739358106686,-5.33895,-0.76305,13.13505,17.26895,19.58513,-0.40966
HS,546,1739358106703,-4.53495,-4.60995,7.45305,8.37449,-16.60718,-2.08771
HS,547,1739358106719,-0.879,-2.26095,14.679,9.35927,13.07776,-1.24475
HS,548,1739358106738,-0.498,0.77805,5.97405,9.98952,-14.50371,1.4811
HS,549,1739358106754,-0.41895,-5.26095,13.602,0.39391,-19.19122,-2.85978
HS,550,1739358106770,-3.25905,1.01805,5.06595,8.86294,28.26687,-1.45746
HS,551,1739358106786,1.05705,-1.308,13.425,-10.17072,-35.2233,-4.75054
HS,552,1739358106803,1.05705,-1.308,13.425,-6.81462,-2.6707,-3.76576
HS,553,1739358106819,-2.643,-1.98795,7.11795,1.65442,-7.29519,-1.31565
HS,554,1739358106837,-0.165,-3.05895,12.57705,-14.44068,-26.75426,-4.53783
HS,555,1739358106853,1.99395,-2.65905,8.502,-7.23216,12.2348,-0.05515
HS,556,1739358106870,-3.25395,-2.54595,6.24195,0.04727,-27.31361,0.77994
HS,557,1739358106886,0.90405,1.11105,11.83995,-3.52154,-15.76422,2.32406
HS,558,1739358106903,-0.771,-2.03205,11.83995,-3.66335,31.20543,-1.8041
HS,559,1739358106919,6.828,0.49605,9.132,-21.08986,-10.44645,13.66075
HS,560,1739358106935,6.828,0.49605,9.132,-6.25527,4.60873,-0.05515
HS,561,1739358106952,0.07095,-1.392,9.201,-3.31671,12.2348,1.33929
HS,562,1739358106969,0.03495,-4.002,4.68795,-24.38293,-41.10041,-0.33876
HS,563,1739358106985,-1.389,-0.30795,11.18595,-1.42595,26.1634,2.11135
HS,564,1739358107001,-0.91695,-2.41005,10.46505,-7.30306,-15.83512,1.13446
HS,565,1739358107019,0.39195,-3.09495,11.95905,-7.58668,8.9496,0.64601
HS,566,1739358107036,0.495,-0.066,6.50505,-4.78205,2.50526,2.11135
HS,567,1739358107051,0.495,-0.066,6.50505,2.98583,-9.7453,3.09612
HS,568,1739358107068,-0.91695,-3.23595,5.77305,3.82879,-4.98688,1.20536
HS,569,1739358107085,-0.22995,-1.21305,10.62795,8.30359,1.31565,3.7894
HS,570,1739358107102,-2.64795,0,9.165,10.19435,5.44382,3.02522
HS,571,1739358107119,1.95,0.12,12.67995,5.29413,4.67963,1.69381
HS,572,1739358107133,0.22905,1.62795,7.96605,0.74843,0.47269,2.32406
HS,573,1739358107150,1.215,-2.53395,7.125,1.16597,-4.28572,3.7894
HS,574,1739358107170,-2.691,0.91995,7.75005,4.17543,-4.63236,1.13446
HS,575,1739358107182,-2.691,0.91995,7.75005,-2.12711,-8.68962,1.4811
HS,576,1739358107201,0.16695,-2.58195,7.64505,1.44958,-2.46587,2.04045
HS,577,1739358107217,-1.32405,-4.30095,9.189,9.49319,-4.41965,1.97742
HS,578,1739358107234,0.033,-1.78995,9.68295,10.12345,2.43435,1.97742
HS,579,1739358107251,-1.836,0.522,7.92795,6.41283,-6.73584,1.13446
HS,580,1739358107268,-3.76905,-2.43405,13.47495,-1.9144,6.42859,-0.12605
HS,581,1739358107284,-2.655,-3.32895,8.01405,-2.68646,9.0205,0.22059
HS,582,1739358107301,-2.655,-3.32895,8.01405,4.10453,-7.42911,1.41019
HS,583,1739358107317,0.11895,-0.882,12.97005,1.44958,7.54729,0.71691
HS,584,1739358107334,1.38495,-0.97605,11.67,1.23687,8.9496,2.53677
HS,585,1739358107350,-3.49095,-1.75095,8.68905,0.81933,-20.66444,2.7416
HS,586,1739358107367,-1.50795,-6.01305,14.80395,-2.33194,3.41913,2.60767
HS,587,1739358107383,-0.67005,-1.48305,9.06705,-5.4123,5.51472,0.85084
HS,588,1739358107398,-0.67005,-1.48305,9.06705,-5.48321,-16.74111,3.37186
HS,589,1739358107417,2.72895,-0.66405,11.43,-3.45064,2.30043,2.11135
HS,590,1739358107432,0.42,0.15105,11.64105,-9.26473,-0.08666,1.69381
HS,591,1739358107450,-2.799,-4.36395,8.70795,-1.35505,-0.22059,4.07301
HS,592,1739358107467,1.67295,-0.789,9.79005,-0.65389,-14.77945,1.4811
HS,593,1739358107483,-0.12195,-3.42,9.73305,0.39391,8.17754,3.30095
HS,594,1739358107500,-1.413,-0.47505,10.66395,-4.92386,-0.4333,4.00211
HS,595,1739358107516,-1.056,0.67305,8.847,-2.33194,3.20641,2.46587
HS,596,1739358107533,-1.33095,-4.548,7.731,-1.49685,-1.20536,3.02522
HS,597,1739358107550,-1.33095,-4.548,7.731,9.07565,3.49003,3.65547
HS,598,1739358107565,-0.92205,-2.83095,7.79805,5.92438,5.30989,4.28572
HS,599,1739358107583,-1.314,-0.585,7.62795,-0.09454,-8.13027,2.25316
HS,600,1739358107599,-2.298,-2.688,9.37605,6.69644,3.49003,4.28572
HS,601,1739358107616,-2.23605,-1.72695,10.40295,7.95695,-11.69908,3.30095
HS,602,1739358107631,3.66705,1.30995,13.437,1.72532,-5.19171,2.88341
HS,603,1739358107650,-3.16995,-2.01195,4.82505,9.42229,19.3803,6.59403
HS,604,1739358107666,-3.16995,-2.01195,4.82505,-1.21324,-36.83044,0.29149
HS,605,1739358107682,-2.01795,0.501,16.55895,0.53572,18.88397,2.95431
HS,606,1739358107699,-3.77805,-2.211,5.50395,4.87659,4.67963,2.25316
HS,607,1739358107716,-1.176,-3.645,9.036,0.74843,-18.41916,2.25316
HS,608,1739358107733,-1.84605,-0.82005,13.32195,5.64865,19.02578,3.16702
HS,609,1739358107750,-1.68795,-4.69605,9.084,2.77312,-11.28154,2.46587
HS,610,1739358107763,-0.28005,1.73805,9.08595,4.52207,0.6145,4.14392
HS,611,1739358107782,1.29195,0.558,12.74505,1.37868,-5.19171,2.04045
HS,612,1739358107798,1.29195,0.558,12.74505,-3.1749,5.02627,2.6707
HS,613,1739358107815,1.50705,0.537,8.55195,-7.44487,-3.7185,3.44276
HS,614,1739358107831,0.459,-0.46995,11.979,-6.60191,1.74108,2.88341
HS,615,1739358107848,-2.703,-0.231,8.62695,-0.9375,-0.14969,3.44276
HS,616,1739358107866,-1.47705,-2.74995,10.51095,0.74843,-0.4333,2.7416
HS,617,1739358107881,-2.277,1.98495,10.83195,-0.9375,6.91703,3.65547
HS,618,1739358107899,-1.671,-2.59695,10.75995,-4.92386,4.04938,4.49056
HS,619,1739358107915,-1.671,-2.59695,10.75995,-4.2227,5.58562,3.37186
HS,620,1739358107931,0.01605,-2.16105,11.01405,3.89969,0.40966,4.70327
HS,621,1739358107948,0.552,-1.01205,7.791,1.58351,-3.44276,3.02522
HS,622,1739358107965,1.39305,0.537,10.65,1.02416,1.59927,3.86818
HS,623,1739358107982,-2.20005,-0.54,9.96495,-1.07143,4.12028,3.44276
HS,624,1739358107998,-1.21395,0.64395,9.39495,-3.87606,0.33876,2.7416
HS,625,1739358108014,1.43295,0.17505,9.64695,-4.85295,2.57616,3.93121
HS,626,1739358108031,-2.28405,-2.043,8.36805,-3.0331,-0.57511,2.88341
HS,627,1739358108047,-2.28405,-2.043,8.36805,-0.37027,-1.69381,2.81251
HS,628,1739358108063,0.114,-0.04695,9.678,-1.63078,1.11082,2.53677
HS,629,1739358108081,-1.73295,-0.705,8.60295,-0.65389,-0.92175,2.32406
HS,630,1739358108097,-2.421,-2.65605,7.75995,3.40337,-3.37186,3.02522
HS,631,1739358108114,-2.751,0.68505,12.57195,2.91492,4.04938,2.60767
HS,632,1739358108130,-0.03795,-2.42205,10.293,-4.2936,8.03573,2.46587
HS,633,1739358108147,-1.03905,-1.794,9.642,-1.21324,-0.85084,3.86818
HS,634,1739358108163,-1.03905,-1.794,9.642,1.86713,-1.41019,2.11135
HS,635,1739358108179,-0.12,-0.303,13.91805,1.37868,12.93596,2.04045
HS,636,1739358108197,-3.06705,0.06495,8.65305,1.30778,-2.04045,2.39496
HS,637,1739358108214,-2.21205,-3.64005,8.61,9.14655,-2.32406,3.58457
HS,638,1739358108228,-2.67,-0.35805,13.21395,1.58351,-0.57511,1.41019
HS,639,1739358108246,-0.97695,-3.018,7.31895,2.07984,10.69855,2.88341
HS,640,1739358108260,-1.72095,1.15395,10.389,-0.30725,-13.58984,3.37186
HS,641,1739358108279,-1.72095,1.15395,10.389,-4.08089,-1.20536,0.85084
HS,642,1739358108296,-1.11105,-1.13805,12.58395,-7.37397,-0.85084,1.83561
HS,643,1739358108313,-2.145,-2.00505,8.715,-3.66335,-6.94067,0.5042
HS,644,1739358108329,0.966,-1.203,10.78395,-6.25527,-2.46587,0.57511
HS,645,1739358108346,-1.635,-4.32795,6.47895,-1.84349,3.69486,1.552
HS,646,1739358108361,-1.80795,-1.62705,11.59095,1.86713,-0.71691,1.34717
HS,647,1739358108379,0.97095,0.225,10.57605,-2.61555,8.17754,0.29149
HS,648,1739358108396,-0.83805,-1.19805,8.646,-5.90075,-0.3624,-0.33876
HS,649,1739358108413,-0.83805,-1.19805,8.646,-0.72479,-0.14969,0.92175
HS,650,1739358108429,-1.14,-1.48305,8.45895,-5.90075,-2.88341,-0.47269
HS,651,1739358108445,-1.827,-1.48995,14.124,-0.8666,13.29047,1.06355
HS,652,1739358108462,-1.032,0.31395,5.931,-12.27419,-16.88292,-1.45746
HS,653,1739358108478,0.978,-1.13595,14.892,-3.38761,14.82672,0.57511
HS,654,1739358108493,-1.75995,-4.63695,6.237,-1.70168,-2.46587,1.34717
HS,655,1739358108512,-2.46105,-1.97595,13.35105,-1.63078,7.40548,0.5042
HS,656,1739358108528,-2.46105,-1.97595,13.35105,-1.84349,7.61819,1.20536
HS,657,1739358108545,1.03095,0.048,9.69,2.84402,-0.08666,1.6229
HS,658,1739358108562,0.41805,-2.721,9.04305,7.3267,-1.41019,0.99265
HS,659,1739358108579,0.444,-1.54305,8.313,11.31305,3.55305,3.44276
HS,660,1739358108595,1.90695,1.458,8.574,4.45904,-13.66075,0.4333
HS,661,1739358108611,2.39295,-0.22605,12.288,5.43594,22.38976,1.06355
HS,662,1739358108630,-1.59705,-0.6,4.674,6.62554,28.12507,1.69381
HS,663,1739358108642,-1.59705,-0.6,4.674,3.54518,-19.67967,0.5042
HS,664,1739358108661,-0.486,-0.73395,10.638,4.10453,-1.69381,1.27626
HS,665,1739358108678,-0.58905,0.14595,10.76205,13.76316,0.82721,0.71691
HS,666,1739358108695,-1.482,-4.73205,6.462,13.41652,-0.85084,1.76471
HS,667,1739358108711,-0.65805,0.47895,10.38405,3.75789,-2.18225,1.6229
HS,668,1739358108728,-4.09695,1.425,5.052,3.75789,12.02997,1.69381
HS,669,1739358108744,-0.282,-5.73795,12.76605,-3.0331,-23.11455,-1.24475
HS,670,1739358108761,-0.13905,-2.38305,14.457,-1.49685,7.47638,-0.89811
HS,671,1739358108777,-0.13905,-2.38305,14.457,10.05254,21.33408,2.39496
HS,672,1739358108793,-1.80495,-3.837,3.558,5.57774,-29.27528,-1.45746
HS,673,1739358108806,-0.89295,2.93295,15.18,0.67752,10.34404,-0.96901
HS,674,1739358108827,0.75105,1.023,7.74105,-8.07512,9.0205,-1.10294
HS,675,1739358108843,0.92805,-1.356,8.83995,-13.18018,-7.15338,0.29149
HS,676,1739358108861,-2.85405,-4.218,8.70105,-3.1749,-4.00211,0.92175
HS,677,1739358108877,-3.72105,-1.22895,11.00895,-1.77259,15.38606,-1.03204
HS,678,1739358108894,-2.586,0.23205,7.23795,-8.70538,-4.979,0.78782
HS,679,1739358108910,-2.586,0.23205,7.23795,-12.20328,-8.41389,-4.1124
HS,680,1739358108926,-3.64905,-4.24905,14.66505,0.11817,6.28678,2.81251
HS,681,1739358108943,1.33695,-5.17305,10.51305,-8.49267,9.29624,-1.66229
HS,682,1739358108960,-0.03105,1.968,7.00305,-9.19382,25.0447,2.60767
HS,683,1739358108977,0.43695,-3.61695,6.27795,0.95326,-22.61823,0.64601
HS,684,1739358108993,-3.285,-4.593,11.787,5.50684,11.04519,3.16702
HS,685,1739358109010,-3.70395,0.972,9.132,6.55464,-0.5042,1.6229
HS,686,1739358109027,-3.70395,0.972,9.132,0.2521,6.84613,2.25316
HS,687,1739358109043,-2.70105,0.024,14.34195,-9.96588,33.86825,0.92175
HS,688,1739358109059,-2.45205,-2.73495,6.855,4.80568,13.49531,4.70327
HS,689,1739358109076,-0.07905,-2.85495,8.78895,5.78258,-2.18225,0.64601
HS,690,1739358109093,4.09305,-2.47905,7.34295,11.03732,15.03943,3.72637
HS,691,1739358109110,-1.21395,0.76905,8.361,6.83825,-29.13347,1.34717
HS,692,1739358109126,-3.225,3.678,14.337,1.86713,10.69855,0.08666
HS,693,1739358109143,-2.12805,-3.93495,5.70105,-0.44118,24.41445,4.00211
HS,694,1739358109159,-2.12805,-3.93495,5.70105,6.2789,-4.28572,0.01576
HS,695,1739358109175,-3.02595,-1.85205,4.79595,4.94749,-14.14919,-4.67175
HS,696,1739358109192,-7.38195,-2.25195,17.54505,1.09507,20.84564,0.15756
HS,697,1739358109208,2.427,-1.69605,5.157,-6.67281,18.67914,-2.57616
HS,698,1739358109225,-0.393,-3.29295,3.33795,9.7059,-0.64601,-0.54359
HS,699,1739358109242,-6.081,-1.56195,24.40695,-10.31252,-27.1009,-7.54729
HS,700,1739358109259,0.43695,-2.676,2.24295,4.45904,67.67348,-6.07407
HS,701,1739358109275,0.43695,-2.676,2.24295,0.95326,-8.34298,2.32406
HS,702,1739358109292,3.351,-0.621,9.34695,-4.00999,2.50526,-5.72743
HS,703,1739358109309,0.564,-0.54195,12.687,-5.20747,12.02997,-4.25421
HS,704,1739358109325,-1.11795,-0.03705,8.442,-10.45433,-11.35244,-4.60873
HS,705,1739358109342,-0.07905,-2.29995,9.85305,-1.21324,20.5699,-3.76576
HS,706,1739358109358,0.53805,-0.351,11.57595,-9.54046,-13.58984,-5.51472
HS,707,1739358109375,1.974,-1.194,9.71595,-6.67281,5.16808,-3.76576
HS,708,1739358109392,1.17,-1.19595,11.277,0.11817,-0.01576,-4.18331
HS,709,1739358109408,1.17,-1.19595,11.277,-4.43541,-2.04045,-7.61819
HS,710,1739358109425,-2.68395,0.972,12.546,-1.28414,7.89393,-6.84613
HS,711,1739358109442,-1.89105,0.774,8.48805,-4.57722,-2.81251,-7.05884
HS,712,1739358109458,-0.153,-2.75895,9.96,-3.38761,-0.85084,-8.31935
HS,713,1739358109475,-0.18705,-2.21595,8.06205,5.71955,5.02627,-6.35768
HS,714,1739358109491,-0.85905,0.786,11.12895,5.92438,-4.41965,-7.82302
HS,715,1739358109507,-2.502,-0.6,9.91005,5.57774,8.66599,-7.47638
HS,716,1739358109522,-2.502,-0.6,9.91005,6.69644,4.67963,-6.35768
HS,717,1739358109540,-0.13395,-1.998,6.237,6.06619,-4.21482,-7.40548
HS,718,1739358109558,-1.80795,-0.70305,8.38995,7.18489,-1.27626,-6.49949
HS,719,1739358109574,0.80595,0.10605,9.879,9.49319,6.00317,-6.70432
HS,720,1739358109591,0.88995,0.582,8.08605,6.55464,-11.07671,-6.21588
HS,721,1739358109607,-1.00305,-2.14605,8.502,8.5163,2.78887,-4.88447
HS,722,1739358109623,-4.07295,0.999,7.57995,11.45486,1.31565,-6.28678
HS,723,1739358109640,-4.07295,0.999,7.57995,8.09876,-12.0536,-6.70432
HS,724,1739358109657,0.37995,-1.287,12.252,2.28467,1.875,-5.65653
HS,725,1739358109674,3.35295,-1.78005,12.74505,1.30778,24.34354,-6.35768
HS,726,1739358109690,-2.38905,-1.27305,4.41495,4.03362,-15.4097,-1.38656
HS,727,1739358109705,1.11,-3.19995,12.79695,4.87659,-20.10509,-11.32881
HS,728,1739358109723,0.15705,-1.36395,8.81295,11.24215,24.41445,-6.21588
HS,729,1739358109740,-1.956,2.14305,11.33505,3.26944,-32.63138,-5.65653
HS,730,1739358109757,1.62195,-5.17305,14.26995,1.44958,8.31935,-8.31935
HS,731,1739358109773,1.62195,-5.17305,14.26995,8.5163,4.95537,-2.08771
HS,732,1739358109789,0.231,-2.436,7.14,9.21746,-7.22428,-6.28678
HS,733,1739358109807,0.46395,0.26805,12.16095,-4.2227,2.22952,-3.41913
HS,734,1739358109823,-1.79595,-0.29805,5.844,-17.0326,-14.99216,-6.07407
HS,735,1739358109839,-3.52905,1.341,11.63895,-23.05153,2.29255,-3.69486
HS,736,1739358109857,1.91205,-3.087,7.01805,-13.32199,-16.74111,-8.9496
HS,737,1739358109873,0.444,-2.09895,14.46195,-8.70538,1.17385,-3.13551
HS,738,1739358109889,0.444,-2.09895,14.46195,-5.62501,0.54359,-4.39602
HS,739,1739358109906,-1.09395,-3.552,9.31905,-7.72061,-13.2432,-5.23898
HS,740,1739358109922,-3.73005,-0.195,12.939,5.36503,14.75581,-2.43435
HS,741,1739358109940,-0.00195,3.39105,7.734,-7.44487,-7.08247,-2.15862
HS,742,1739358109956,2.166,-1.62705,8.871,-11.99057,-8.55569,-4.88447
HS,743,1739358109972,0.38205,-5.589,8.67705,-3.66335,6.28678,-4.32512
HS,744,1739358109989,-3.91005,2.11005,7.995,0.60662,3.76576,-1.52837
HS,745,1739358110006,1.596,-2.02005,9.19905,-3.0331,-9.18595,-4.81356
HS,746,1739358110022,1.596,-2.02005,9.19905,-4.85295,2.22952,-3.55305
HS,747,1739358110038,0.76005,3.70905,9.675,-6.67281,7.33458,-2.01681
HS,748,1739358110055,-0.723,-5.178,8.00205,-10.66704,-12.75476,-3.62396
HS,749,1739358110072,-1.44105,-1.24905,5.17605,-2.40284,16.50477,-2.30043
HS,750,1739358110089,3.15705,-1.30395,3.88605,1.30778,-20.10509,-4.81356
HS,751,1739358110105,0.729,-0.72705,4.875,11.38396,-50.1997,0.85084
HS,752,1739358110122,-1.362,1.782,15.29205,-4.08089,10.27313,-1.875
HS,753,1739358110137,-1.362,1.782,15.29205,-7.79151,26.02947,-2.9937
HS,754,1739358110155,-4.86495,-1.73505,11.14095,-6.11346,19.30939,-4.53783
HS,755,1739358110171,-1.14,-0.94905,9.71595,3.05673,16.99321,-0.48057
HS,756,1739358110188,-0.27495,-1.062,8.10705,8.37449,-6.80674,-3.41913
HS,757,1739358110205,2.79795,1.81005,7.94205,5.50684,-4.63236,-1.94591
HS,758,1739358110222,0.993,4.39605,17.22495,-4.99476,17.34773,-3.13551
HS,759,1739358110239,-1.57995,-4.62195,5.02995,-6.04256,14.614,-0.47269
HS,760,1739358110254,2.76405,3.02895,11.928,-1.9144,-42.84937,-3.62396
HS,761,1739358110271,2.76405,3.02895,11.928,-6.4601,12.3057,-3.69486
HS,762,1739358110287,-0.996,1.21695,7.82895,-11.50213,-1.552,-2.29255
HS,763,1739358110305,-0.75705,-8.03205,11.61705,4.52207,-2.46587,-1.17385
HS,764,1739358110321,-1.29795,-4.55295,9.78495,7.74424,-2.04045,-1.8041
HS,765,1739358110349,-0.74505,5.373,11.01405,-3.52154,-0.3624,-1.17385
HS,766,1739358110365,1.5,-1.773,8.95905,0.46481,-1.76471,0.22059
HS,767,1739358110381,-4.65705,-3.73905,9.13395,10.7537,1.59927,3.02522
HS,768,1739358110395,-0.51,-1.404,12.20595,7.25579,-2.5998,0.22059
HS,769,1739358110408,-0.51,-1.404,12.20595,5.22323,-1.552,-0.7563
HS,770,1739358110420,-1.29,0.37905,12.82095,1.16597,3.90757,0.01576
HS,771,1739358110440,-0.64395,-4.64595,6.852,3.68698,-5.19171,-0.6854
HS,772,1739358110457,-0.02595,-0.57795,9.50505,6.3498,-8.27208,1.13446
HS,773,1739358110473,-0.03795,-2.259,6.97005,6.97218,-2.7416,0.64601
HS,774,1739358110489,-0.64605,2.859,11.06895,9.7059,-16.03995,-0.89811
HS,775,1739358110505,-0.64605,2.859,11.06895,12.78627,2.85978,-0.40966
HS,776,1739358110523,-0.57495,-3.50595,7.67595,16.49689,3.41913,1.83561
HS,777,1739358110540,0.38205,-1.48995,3.366,12.85717,-13.58984,0.4333
HS,778,1739358110555,3.99795,1.13805,20.00205,-6.88552,2.50526,-0.6854
HS,779,1739358110571,-0.75405,1.28595,3.22005,-10.38343,57.6682,6.45222
HS,780,1739358110587,-2.09505,-0.786,5.27895,16.77262,-10.864,4.14392
HS,781,1739358110605,2.57295,5.87805,12.87405,-3.59245,-73.16457,-9.64288
HS,782,1739358110619,-0.627,0.07695,9.54795,-2.96219,34.07309,1.34717
HS,783,1739358110638,-0.627,0.07695,9.54795,-8.98111,36.5941,0.4333
HS,784,1739358110651,-3.48405,-4.22505,4.26405,-12.27419,-67.83892,-6.70432
HS,785,1739358110668,-0.555,-1.56,16.047,-2.89129,3.97848,-0.54359
HS,786,1739358110686,-1.8,-4.92105,7.66695,0.46481,-3.09612,2.88341
HS,787,1739358110702,0.78195,1.07505,12.13395,-7.30306,-18.21433,1.13446
HS,788,1739358110718,-1.90095,-1.12605,7.76505,-2.0562,9.57985,1.34717
HS,789,1739358110746,0.681,0.03105,14.87595,-1.84349,5.94014,1.20536
HS,790,1739358110769,-3.441,-6.399,6.49605,4.52207,-12.47114,0.85084
HS,791,1739358110785,1.43595,3.81195,13.758,-0.23635,6.98794,2.95431
HS,792,1739358110801,-1.34595,-0.75795,6.60795,-3.0331,-5.75106,1.41807
HS,793,1739358110819,-0.045,-2.03595,11.17905,-4.1518,-4.9081,2.04832
HS,794,1739358110835,-1.35495,-1.46205,7.51305,-1.00053,-1.69381,2.32406
HS,795,1739358110851,0.31005,-1.119,9.96495,-0.02363,-4.9081,1.97742
HS,796,1739358110868,-1.00995,-1.57395,5.80605,7.18489,12.51841,4.00211
HS,797,1739358110885,-1.00995,-1.57395,5.80605,7.3976,-7.92544,2.46587
HS,798,1739358110901,-3.37305,-0.375,8.61495,1.09507,-5.04991,3.09612
HS,799,1739358110919,-2.856,-1.75905,12.963,3.12763,10.21011,2.25316
HS,800,1739358110935,-0.22305,-1.16205,9.12495,-4.2227,-0.77994,2.95431
HS,801,1739358110952,-1.10595,0.29205,7.473,3.68698,2.15862,2.53677
HS,802,1739358110968,-1.554,-1.39005,10.542,4.87659,2.85978,2.32406
HS,803,1739358110985,-2.298,0.07005,12.168,-1.49685,-6.23951,0.78782
HS,804,1739358111001,-2.298,0.07005,12.168,0.74843,5.51472,2.25316
HS,805,1739358111018,1.94595,-2.376,8.38005,3.19854,-1.552,2.04832
HS,806,1739358111035,-2.301,-1.63905,9.17505,2.00893,-7.57092,2.53677
HS,807,1739358111051,-1.40505,-2.055,9.201,0.74843,-3.02522,0.99265
HS,808,1739358111068,2.08905,1.82505,11.72205,2.91492,6.35768,-0.12605
HS,809,1739358111084,0.90705,-1.632,9.21795,-4.64024,-15.55151,0.15756
HS,810,1739358111099,-2.68905,0.73995,10.365,-1.28414,4.75054,-0.6145
HS,811,1739358111117,-1.635,-1.62,9.71595,-3.45064,-3.44276,0.3624
HS,812,1739358111134,-1.635,-1.62,9.71595,-2.47375,-2.88341,1.76471
HS,813,1739358111150,-0.43095,-3.84195,9.40005,0.95326,0.19695,1.13446
HS,814,1739358111167,-1.39095,0.67995,10.51605,0.67752,-4.14392,1.552
HS,815,1739358111184,-1.896,-1.953,8.763,4.17543,0.6145,2.32406
HS,816,1739358111200,-0.057,-1.11195,10.365,2.70221,-0.99265,1.41807
HS,817,1739358111217,0.054,-0.468,9.747,2.21377,0.19695,2.53677
HS,818,1739358111234,-0.699,-2.90805,9.48405,5.57774,3.13551,2.81251
HS,819,1739358111250,-0.699,-2.90805,9.48405,3.12763,-0.01576,3.23005
HS,820,1739358111267,-3.927,-0.68595,8.90895,0.323,-2.39496,2.60767
HS,821,1739358111282,0.44205,0.762,14.58795,0.04727,11.53364,3.23005
HS,822,1739358111300,-1.69995,-1.84695,6.32295,2.14286,-5.54623,3.30095
HS,823,1739358111317,-0.47895,-0.75495,12.43095,-1.07143,-2.81251,2.60767
HS,824,1739358111333,-1.79805,-1.26495,6.297,4.10453,1.31565,2.88341
HS,825,1739358111350,-0.64605,-3.02805,11.232,1.09507,-10.09194,1.76471
HS,826,1739358111366,-1.32195,1.27605,9.762,0.323,-2.5998,1.4811
HS,827,1739358111382,-1.32195,1.27605,9.762,-2.68646,1.52837,1.69381
HS,828,1739358111399,-0.33,-1.191,10.19505,-2.68646,-0.5042,1.27626
HS,829,1739358111416,-1.065,-1.96695,9.58905,-0.44118,-0.3624,1.83561
HS,830,1739358111432,-1.839,-2.106,10.25205,2.49738,2.22952,2.32406
HS,831,1739358111450,-1.96995,-2.058,10.34595,3.26944,-2.11135,2.39496
HS,832,1739358111466,0.27,0.93195,10.164,3.89969,5.02627,2.95431
HS,833,1739358111483,-2.24295,-1.88295,8.445,-0.37027,9.36714,1.34717
HS,834,1739358111499,-2.24295,-1.88295,8.445,-2.0562,3.06461,2.04045
HS,835,1739358111516,-1.07295,-2.81895,7.58505,-5.62501,-3.30095,1.13446
HS,836,1739358111533,0.114,-1.94295,13.212,-1.49685,10.55675,3.02522
HS,837,1739358111549,0.315,-3.29805,9.18705,2.84402,-1.13446,3.37186
HS,838,1739358111566,0.50205,-0.55395,12.17295,3.40337,2.78887,2.88341
HS,839,1739358111583,0.114,1.00605,9.30705,-0.9375,1.8041,1.90652
HS,840,1739358111599,0.30105,-0.10695,8.727,-0.30725,4.18331,3.51366
HS,841,1739358111614,0.30105,-0.10695,8.727,-5.3414,-2.88341,1.27626
HS,842,1739358111632,-2.112,2.20095,8.44005,-10.17072,0.6854,2.11135
HS,843,1739358111649,-0.48105,-3.24495,10.37205,-2.12711,2.93068,3.02522
HS,844,1739358111665,-2.55,-3.6,9.40005,2.35557,0.54359,2.7416
HS,845,1739358111682,1.809,-0.74295,10.49205,4.17543,6.00317,0.4333
HS,846,1739358111698,0.21,3.09405,10.95405,-5.76682,10.0683,0.85084
HS,847,1739358111715,0.576,-3.39405,7.02705,-6.18436,2.01681,1.20536
HS,848,1739358111731,-2.856,-3.672,9.90795,0.81933,1.11082,0.22059
HS,849,1739358111749,-2.856,-3.672,9.90795,2.28467,1.875,0.5042
HS,850,1739358111765,1.85205,-0.01095,10.69995,5.78258,-0.22059,1.6229
HS,851,1739358111781,0.351,1.83705,9.92205,4.24633,2.78887,0.01576
HS,852,1739358111798,-0.282,-1.02405,10.626,1.02416,3.97848,-0.6854
HS,853,1739358111814,-0.498,-0.15,11.01105,-5.20747,6.07407,-0.6145
HS,854,1739358111840,-1.992,-3.633,7.85295,-3.1749,6.91703,-0.05515
HS,855,1739358111854,0.28395,-1.81095,8.70795,-3.80516,-13.66075,-2.85978
HS,856,1739358111869,2.52705,0.10605,6.01695,5.57774,6.21588,0.5042
HS,857,1739358111885,2.52705,0.10605,6.01695,1.37868,-17.02472,-1.875
HS,858,1739358111900,-0.70395,-0.12795,12.08205,-4.71115,4.75054,-1.17385
HS,859,1739358111915,-4.872,-3.26505,7.99005,-5.76682,2.85978,-2.9228
HS,860,1739358111933,-1.10595,-1.23405,10.698,-8.00422,0.12605,-1.59927
HS,861,1739358111947,-1.02,-4.22895,5.77995,-3.31671,1.94591,-1.52837
HS,862,1739358111966,0.39195,-2.76195,15.52005,-5.4123,-12.19541,-1.45746
HS,863,1739358111981,0.39195,-2.76195,15.52005,2.91492,11.53364,-1.03204
HS,864,1739358111999,-1.86705,-2.89095,7.401,0.60662,-5.54623,-1.24475
HS,865,1739358112017,-0.70905,-1.17705,15.47895,1.44958,13.70802,0.99265
HS,866,1739358112034,0.114,0.084,8.856,-2.0562,2.64706,-1.52837
HS,867,1739358112049,1.218,0.04095,10.40295,-3.52154,2.08771,-0.26786
HS,868,1739358112066,-1.15605,-0.41295,7.45305,-1.77259,-3.09612,-0.7563
HS,869,1739358112081,0.171,-0.099,11.67,-4.85295,0.89811,0.22059
HS,870,1739358112097,-0.76395,-4.98405,7.72605,-2.26103,-0.01576,0.5042
HS,871,1739358112114,-0.76395,-4.98405,7.72605,2.56828,-0.5042,1.4811
HS,872,1739358112131,0.67395,-1.368,11.892,7.60243,9.9974,1.20536
HS,873,1739358112149,0.12795,-2.86005,8.99295,3.33247,1.17385,-1.10294
HS,874,1739358112165,1.596,3.54405,10.83195,0.04727,6.91703,-0.12605
HS,875,1739358112181,-0.44805,0.288,7.28595,2.07984,9.08353,-1.875
HS,876,1739358112198,0.198,-2.85,7.221,-1.14233,-13.2432,-1.875
HS,877,1739358112211,-2.44005,-0.312,11.87595,-2.75736,4.32512,-2.29255
HS,878,1739358112228,-2.44005,-0.312,11.87595,-4.43541,3.90757,-1.66229
HS,879,1739358112246,-1.63995,-1.347,7.89405,-5.3414,-3.08824,-2.01681
HS,880,1739358112263,-0.63405,-2.034,9.66795,-3.52154,2.01681,-2.57616
HS,881,1739358112279,-1.15905,-2.565,8.12595,-3.31671,-8.13027,-1.8041
HS,882,1739358112295,-2.81595,-3.30495,9.22995,-5.48321,-12.0536,-4.81356
HS,883,1739358112312,-1.08495,-3.06105,7.698,2.07984,-5.12081,-2.36345
HS,884,1739358112329,-0.65805,-0.64305,10.32405,7.18489,-1.33929,-2.08771
HS,885,1739358112346,2.13,0.72105,8.95005,7.95695,7.12974,-1.52837
HS,886,1739358112362,2.13,0.72105,8.95005,-3.52154,-1.33929,-1.38656
HS,887,1739358112378,0.38205,1.54695,12.01005,-2.40284,6.84613,-1.52837
HS,888,1739358112395,-0.09105,-1.82295,9.67305,-4.08089,2.15862,-2.78887
HS,889,1739358112412,-0.558,-4.71795,8.60505,3.12763,-2.88341,-2.43435
HS,890,1739358112429,2.93205,1.542,12.39495,-0.72479,-10.23374,-3.27732
HS,891,1739358112446,0.363,-1.47105,8.904,-2.19013,-2.6707,-3.06461
HS,892,1739358112462,-0.15105,-1.83,6.83595,4.94749,-3.7185,-2.01681
HS,893,1739358112478,-1.30005,-1.44705,9.948,6.76735,-2.81251,-0.96901
HS,894,1739358112495,-1.30005,-1.44705,9.948,-0.09454,-1.552,-3.27732
HS,895,1739358112511,-3.843,2.79195,9.13695,-3.52154,-3.44276,-2.01681
HS,896,1739358112528,-1.48395,-1.311,11.17395,3.75789,4.32512,-2.9937
HS,897,1739358112545,0.06405,-4.79205,9.24705,-0.72479,-6.66493,-1.10294
HS,898,1739358112562,-1.434,1.45395,12.39,-3.52154,5.45169,-1.10294
HS,899,1739358112578,-2.77305,-1.371,7.27605,-1.9853,7.76,-1.31565
HS,900,1739358112594,1.326,-2.328,11.244,-3.80516,-12.0536,-1.875
HS,901,1739358112611,1.326,-2.328,11.244,-0.9375,10.21011,-1.17385
HS,902,1739358112627,-2.124,-2.17995,6.948,-1.70168,-10.79309,-1.59927
HS,903,1739358112643,0.102,-0.43005,11.10495,0.11817,-1.89864,-0.40179
HS,904,1739358112660,-0.06,-0.942,11.28705,-0.37027,1.59927,-1.52837
HS,905,1739358112675,0.291,-4.55505,9.153,3.96272,-0.99265,0.29149
HS,906,1739358112693,-1.25895,0.714,12.891,3.05673,2.93068,-0.40179
HS,907,1739358112710,-2.48805,-5.62995,10.13295,-0.16544,6.07407,-1.17385
HS,908,1739358112727,-2.48805,-5.62995,10.13295,0.53572,3.76576,-0.7563
HS,909,1739358112743,-2.634,0.67995,11.35095,-2.82038,5.86924,0.29149
HS,910,1739358112760,-0.22305,-1.464,8.52795,2.42648,-6.66493,0.78782
HS,911,1739358112777,-1.659,0.10095,11.61,1.23687,0.19695,0.99265
HS,912,1739358112793,-0.321,-1.78995,10.01295,-0.23635,-1.20536,-0.40966
HS,913,1739358112809,0.36795,-0.52605,9.11505,-0.02363,-4.35663,0.71691
HS,914,1739358112824,-0.13605,-3.24795,10.21905,2.35557,-2.32406,0.57511
HS,915,1739358112843,1.01205,-1.38495,8.58105,5.78258,-5.68016,0.92175
HS,916,1739358112860,1.01205,-1.38495,8.58105,4.10453,-5.68016,-1.10294
HS,917,1739358112877,-2.892,1.49895,11.23905,0.67752,1.94591,0.3624
HS,918,1739358112893,-2.08305,-6.43905,8.78205,6.41283,9.92649,1.4811
HS,919,1739358112910,-0.85695,1.839,9.37395,-3.24581,-9.8162,-1.38656
HS,920,1739358112926,-1.21605,-3.60195,9.888,0.74843,11.187,1.41019
HS,921,1739358112943,-0.49305,-1.97205,10.12305,3.19854,-4.979,-0.6854
HS,922,1739358112960,-1.527,-1.36395,10.04595,-1.49685,5.44382,0.3624
HS,923,1739358112975,-1.527,-1.36395,10.04595,-1.9144,-1.4811,-0.96901
HS,924,1739358112993,-0.543,-0.01605,10.93005,-1.35505,-1.552,-1.03204
HS,925,1739358113009,-0.95295,-3.822,9.26805,1.23687,-4.91598,-0.6145
HS,926,1739358113026,0.95205,2.02605,11.694,-2.0562,0.6145,-0.96901
HS,927,1739358113043,-0.45,-3.16605,8.14305,1.09507,-5.82197,-0.47269
HS,928,1739358113059,-0.64605,-0.90405,12.45495,2.56828,3.34822,-0.33876
HS,929,1739358113076,-0.17505,0.07005,8.58105,1.37868,-1.69381,-0.19695
HS,930,1739358113092,-0.78,-1.02105,9.15795,-3.87606,7.20065,0.71691
HS,931,1739358113109,-0.78,-1.02105,9.15795,-8.00422,-7.29519,-1.66229
HS,932,1739358113125,-2.96205,-2.11995,11.787,-3.73425,1.94591,1.06355
HS,933,1739358113142,-0.68895,-3.50205,7.008,2.70221,-2.6707,0.01576
HS,934,1739358113159,-0.996,-0.34395,10.20405,-0.23635,-13.38501,0.5042
HS,935,1739358113175,0.54705,0.84795,10.827,0.2521,5.16808,-0.19695
HS,936,1739358113191,-0.68505,-2.592,11.265,-0.30725,0.05515,-1.45746
HS,937,1739358113208,1.821,-3.528,6.666,4.80568,-5.54623,-0.40966
HS,938,1739358113224,1.821,-3.528,6.666,4.94749,-7.50002,-1.52837
HS,939,1739358113252,-1.152,-1.725,6.60105,1.23687,8.39025,-1.24475
HS,940,1739358113267,-1.97505,-0.86295,10.008,-0.44118,-7.85453,-1.45746
HS,941,1739358113281,-1.97505,-0.86295,10.008,2.14286,-4.34875,-0.96901
HS,942,1739358113295,-1.83405,-1.833,11.26995,0.60662,-0.14969,-0.19695
HS,943,1739358113309,-1.506,-3.55695,9.20805,-3.1749,4.53783,-0.6145
HS,944,1739358113325,-1.74495,-2.79495,7.54905,-0.09454,-4.77417,1.20536
HS,945,1739358113341,-1.74495,-2.79495,7.54905,3.33247,-10.9349,-0.19695
HS,946,1739358113359,-1.53195,-0.447,12.34005,4.45904,6.98794,1.90652
HS,947,1739358113375,0.49905,-3.41805,5.41395,1.02416,-15.4097,1.06355
HS,948,1739358113388,0.59505,3.288,15.81405,-4.85295,5.51472,0.29149
HS,949,1739358113407,0.447,-4.773,3.97905,-1.00053,4.18331,1.76471
HS,950,1739358113424,-1.836,0.09405,11.87295,0.67752,-5.40442,2.11135
HS,951,1739358113440,-2.71995,-1.84005,8.35095,1.51261,10.97429,3.23793
HS,952,1739358113459,-0.105,0.23505,12.43395,-3.0331,-0.57511,1.76471
HS,953,1739358113473,-0.105,0.23505,12.43395,-4.78205,6.98794,2.6707
HS,954,1739358113487,-2.36805,-3.41295,7.54395,-2.19013,-10.43857,2.7416
HS,955,1739358113504,0.21,-0.04395,10.69995,-0.44118,1.8041,2.39496
HS,956,1739358113516,1.33305,-4.62495,9.12,-2.26103,-9.53259,1.97742
HS,957,1739358113537,-0.43305,2.05005,12.22305,-3.87606,3.56093,3.23793
HS,958,1739358113555,-1.78605,-3.447,8.952,-2.96219,-0.01576,2.18225
HS,959,1739358113574,-0.71595,-5.29305,9.38595,0.74843,-3.8603,1.76471
HS,960,1739358113590,0.97395,3.50505,11.52105,0.95326,-4.14392,1.69381
HS,961,1739358113606,0.97395,3.50505,11.52105,-1.49685,4.46692,3.09612
HS,962,1739358113623,-1.077,-0.98295,5.80605,-7.79151,-7.57092,2.04045
HS,963,1739358113639,-0.96705,-1.23705,11.28195,-5.76682,1.17385,2.46587
HS,964,1739358113656,0.69795,-1.31805,9.21105,-11.78574,-9.11504,-0.05515
HS,965,1739358113672,0.042,-3.63795,8.208,-3.24581,0.96901,3.37186
HS,966,1739358113689,-1.053,-1.61295,9.45,0.81933,-2.18225,1.90652
HS,967,1739358113704,-1.053,-1.61295,9.45,-1.49685,-2.52889,2.32406
HS,968,1739358113721,-0.654,-0.006,9.27495,-0.23635,-1.90652,3.09612
HS,969,1739358113739,-1.39305,-1.78695,7.18305,-3.59245,-0.77994,1.552
HS,970,1739358113756,-1.041,-0.39405,10.875,-1.70168,4.39602,4.07301
HS,971,1739358113772,-1.60605,-4.63905,7.55895,4.03362,-1.89864,2.81251
HS,972,1739358113789,-1.305,-1.251,12.19905,-2.61555,5.51472,3.44276
HS,973,1739358113805,-1.33095,-4.23405,9.216,-0.65389,2.78887,2.95431
HS,974,1739358113819,-1.33095,-4.23405,9.216,3.26944,7.27155,2.46587
HS,975,1739358113831,-1.49205,-2.589,9.453,5.0893,2.93068,3.02522
HS,976,1739358113851,-1.029,0.00495,9.63,4.66388,-5.47533,2.39496
HS,977,1739358113868,0.62205,-0.96405,7.719,4.87659,-3.51366,3.86818
HS,978,1739358113884,-1.99005,1.91805,10.93005,1.23687,-7.50002,2.7416
HS,979,1739358113902,1.27305,-1.71495,8.112,-0.02363,0.82721,3.44276
HS,980,1739358113919,2.47005,-1.46595,10.29795,-2.0562,-15.26789,2.7416
HS,981,1739358113938,-2.32995,-2.35995,7.46805,3.75789,19.09668,4.77417
HS,982,1739358113952,-2.32995,-2.35995,7.46805,10.40706,6.08195,4.91598
HS,983,1739358113967,-2.48295,-6.50895,7.68105,8.23269,-8.20117,3.16702
HS,984,1739358113986,0.60495,4.59705,10.35795,1.79622,4.46692,3.93121
HS,985,1739358114005,-1.674,-1.96695,9.71595,-2.82038,-2.25316,3.16702
HS,986,1739358114020,-0.67305,-3.384,9.228,5.01839,-0.70904,3.23793
HS,987,1739358114036,1.146,-3.84405,11.84895,2.21377,-7.42911,2.39496
HS,988,1739358114054,-1.74105,-2.604,9.117,6.208,7.9018,5.19171
HS,989,1739358114071,-0.90495,-0.042,13.05405,2.42648,4.39602,1.90652
HS,990,1739358114086,-0.90495,-0.042,13.05405,-0.37027,-3.08824,3.02522
HS,991,1739358114098,0.39195,0.72795,7.84395,-2.68646,-9.67439,1.13446
HS,992,1739358114118,-0.31095,-0.86805,11.86095,-3.94696,4.39602,3.16702
HS,993,1739358114131,-3.51705,-2.44305,6.321,-5.20747,-13.44804,1.20536
HS,994,1739358114151,-4.51995,-5.30895,11.85195,5.57774,3.83667,4.14392
HS,995,1739358114166,-1.84605,-4.548,5.53605,14.04678,5.79833,5.19171
HS,996,1739358114178,-1.84605,-4.548,5.53605,6.76735,-14.77945,2.32406
HS,997,1739358114194,0.40095,4.00305,20.27505,11.03732,30.44125,3.09612
HS,998,1739358114210,-2.397,-2.67105,4.88895,4.10453,21.27106,7.5079
HS,999,1739358114229,-0.156,-0.58305,7.66905,4.94749,-13.1723,0.99265
HS,1000,1739358114244,-0.63405,0.774,12.39495,0.323,-7.29519,1.83561
HS,1001,1739358114261,0.35595,0.345,7.53195,0.46481,2.43435,0.92175
HS,1002,1739358114277,0.35595,0.345,7.53195,-4.50631,-14.3619,1.13446
HS,1003,1739358114294,-0.54105,-0.60495,12.666,-2.54465,8.17754,1.552
HS,1004,1739358114309,-1.29,-3.32895,8.04,-8.42176,-4.07301,-0.54359
HS,1005,1739358114326,-0.32295,-2.592,9.285,-7.79151,-1.6229,1.13446
HS,1006,1739358114342,-0.18195,-3.13995,7.389,-1.07143,-11.63606,-1.45746
HS,1007,1739358114361,-0.37305,-0.91095,10.36005,-2.33194,-5.82197,-0.05515
HS,1008,1739358114376,-1.932,-2.862,6.31605,8.65811,-9.04414,0.15756
HS,1009,1739358114397,-4.362,-1.27005,23.30805,-9.89498,13.00686,-0.26786
HS,1010,1739358114413,-1.94895,0.16995,3.88095,-3.0331,29.10984,3.8603
HS,1011,1739358114427,-1.94895,0.16995,3.88095,1.30778,-9.04414,5.12081
HS,1012,1739358114442,0.885,-1.57395,11.991,-8.91021,-1.20536,-3.13551
HS,1013,1739358114459,0.20295,1.01295,9.20805,-7.09035,4.32512,1.06355
HS,1014,1739358114476,-0.615,-2.04105,7.233,-4.08089,-10.864,0.64601
HS,1015,1739358114492,-0.366,-2.85795,9.927,-5.69592,-5.60926,1.76471
HS,1016,1739358114510,0.64605,-1.881,7.54005,3.40337,-6.52312,1.552
HS,1017,1739358114527,0.64605,-1.881,7.54005,1.09507,-5.68016,1.27626
HS,1018,1739358114542,0.42495,-1.73205,11.06595,2.98583,-0.3624,3.02522
HS,1019,1739358114561,3.567,1.78905,9.56805,-3.0331,2.30043,0.71691
HS,1020,1739358114576,0.243,-2.343,7.137,0.74843,1.94591,2.25316
HS,1021,1739358114593,-3.093,-1.48095,9.07905,-1.84349,-5.26262,2.18225
HS,1022,1739358114609,1.40205,1.185,9.57195,-4.50631,6.07407,2.39496
HS,1023,1739358114626,-0.97395,-2.451,9.19395,-7.44487,1.52837,2.81251
HS,1024,1739358114642,-2.86095,-3.19995,10.15695,-5.48321,2.36345,2.53677
HS,1025,1739358114659,-2.86095,-3.19995,10.15695,-0.8666,-4.21482,3.09612
HS,1026,1739358114677,1.42605,-3.70005,9.32805,2.35557,0.7563,2.04045
HS,1027,1739358114693,-1.26405,-0.03705,9.687,6.2789,-3.65547,1.34717
HS,1028,1739358114709,0.873,-0.351,8.02995,-0.02363,-10.37555,2.18225
HS,1029,1739358114725,1.41195,-2.05995,11.17695,9.5641,7.54729,2.25316
HS,1030,1739358114741,-2.65995,-2.59905,8.54295,13.27472,-5.68016,3.58457
HS,1031,1739358114758,-0.17895,0.261,14.37495,12.92808,13.29047,2.39496
HS,1032,1739358114775,-0.17895,0.261,14.37495,11.17912,12.3057,2.39496
HS,1033,1739358114792,-3.73305,2.385,8.31105,4.31724,-4.77417,1.83561
HS,1034,1739358114808,3.83205,-1.86405,10.71195,-3.80516,1.45746,-1.17385
HS,1035,1739358114825,2.544,3.61305,11.10495,-3.38761,0.19695,2.46587
HS,1036,1739358114841,-0.75195,-4.86195,8.02605,3.61608,-9.11504,0.57511
HS,1037,1739358114859,0.504,-1.96695,10.05795,8.5872,-0.29149,0.99265
HS,1038,1739358114875,-1.14,-1.119,9.615,11.31305,-1.13446,1.41019
HS,1039,1739358114891,-1.14,-1.119,9.615,6.2789,-5.75106,0.99265
HS,1040,1739358114907,4.90695,3.69705,13.185,1.93803,8.31935,2.53677
HS,1041,1739358114924,-1.128,-1.05195,6.53895,-6.04256,-0.5042,1.27626
HS,1042,1739358114941,-1.18695,-1.098,10.245,-2.33194,0.26786,3.09612
HS,1043,1739358114958,-2.58105,-4.03095,8.46105,-3.94696,-12.61295,2.18225
HS,1044,1739358114974,1.49805,-2.03895,11.87295,-6.88552,8.59508,2.25316
HS,1045,1739358114990,-1.18305,-0.198,11.17395,-9.68227,4.39602,1.76471
HS,1046,1739358115007,-0.42405,-5.19405,7.41795,-13.25108,-0.64601,1.90652
HS,1047,1739358115023,-0.42405,-5.19405,7.41795,-1.00053,-19.19122,1.41019
HS,1048,1739358115041,3.978,1.10205,9.699,-5.13657,11.67545,3.44276
HS,1049,1739358115057,1.326,-1.56705,8.68395,-1.14233,-3.23005,0.71691
HS,1050,1739358115073,-0.855,0.15795,11.835,2.56828,12.51841,4.49056
HS,1051,1739358115090,-1.32195,-2.77095,9.95805,-0.65389,21.89343,2.11135
HS,1052,1739358115110,-0.63,-0.978,13.398,-7.58668,6.42859,3.09612
HS,1053,1739358115126,-0.15795,-1.91895,8.00205,-4.43541,11.47061,2.11135
HS,1054,1739358115146,-2.75805,-3.54705,7.49205,-0.72479,-0.08666,1.76471
HS,1055,1739358115162,0.504,-1.22205,9.70905,1.72532,-3.58457,2.46587
HS,1056,1739358115172,0.504,-1.22205,9.70905,4.31724,0.54359,3.51366
HS,1057,1739358115188,-0.73995,1.27905,9.31605,-2.61555,2.93068,2.81251
HS,1058,1739358115205,-0.52395,-0.22095,8.67195,-5.4123,3.69486,2.46587
HS,1059,1739358115222,-1.39095,-3.41505,7.50405,-2.61555,7.89393,1.83561
HS,1060,1739358115238,-0.843,-3.339,6.24,4.52207,0.6854,1.83561
HS,1061,1739358115255,-2.09295,-1.56495,9.249,8.30359,-2.32406,0.92175
HS,1062,1739358115273,-2.09295,-1.56495,9.249,7.81514,6.70432,0.78782
HS,1063,1739358115289,-2.526,-1.15005,9.333,5.57774,6.28678,1.4811
HS,1064,1739358115305,0.159,-1.48305,9.984,10.33616,6.42859,1.34717
HS,1065,1739358115322,0.408,-0.408,10.89405,5.99529,16.29993,0.22847
HS,1066,1739358115340,-1.10595,1.01805,8.40405,4.10453,10.97429,-0.19695
HS,1067,1739358115356,-0.31395,0.40005,9.38295,-5.06566,-5.47533,-0.89811
HS,1068,1739358115372,-2.08095,-2.82405,10.12305,-8.56357,-2.95431,-2.43435
HS,1069,1739358115388,-2.08095,-2.82405,10.12305,-8.77628,0.89811,-2.08771
HS,1070,1739358115405,-2.634,-4.71105,9.33495,-10.87187,1.875,-1.03204
HS,1071,1739358115422,0.97095,-0.90405,11.86605,-3.73425,6.70432,-1.875
HS,1072,1739358115439,0.63105,-3.552,7.09695,-0.02363,-12.54205,-2.78887
HS,1073,1739358115455,-0.74205,1.578,12.58395,2.07984,11.95906,-0.6854
HS,1074,1739358115471,-2.22195,-3.432,9.264,-3.94696,-1.69381,-2.71797
HS,1075,1739358115488,-2.37,-1.689,10.47495,-4.50631,11.1161,-1.94591
HS,1076,1739358115504,-2.334,-2.66805,10.64505,-3.59245,5.45169,-2.9228
HS,1077,1739358115521,-2.334,-2.66805,10.64505,-0.02363,11.39971,-1.875
HS,1078,1739358115539,0.78705,-3.30795,9.60405,1.23687,-0.92175,-2.57616
HS,1079,1739358115554,-1.10595,-1.89705,13.14195,0.323,5.23898,-2.15862
HS,1080,1739358115571,-1.84605,-2.51295,7.58505,2.63919,7.05884,-1.17385
HS,1081,1739358115588,0.11205,-1.146,6.96495,6.3498,-10.16284,-2.15862
HS,1082,1739358115606,-3.261,-1.08795,11.32305,2.98583,1.875,-1.45746
HS,1083,1739358115622,-1.446,-2.39295,9.02595,0.60662,1.18173,-2.8519
HS,1084,1739358115638,-1.446,-2.39295,9.02595,3.54518,-2.04045,-2.22164
HS,1085,1739358115654,0.67695,0.86205,8.11905,6.41283,7.27155,-2.29255
HS,1086,1739358115671,-1.12305,-2.23995,8.943,-1.70168,-1.552,-3.13551
HS,1087,1739358115687,-1.28805,-2.48205,9.19605,4.17543,6.01104,-0.89811
HS,1088,1739358115704,-1.626,-3.219,8.30295,1.86713,-1.26839,-2.9228
HS,1089,1739358115721,1.14105,-0.99195,11.18595,3.05673,2.08771,-3.27732
HS,1090,1739358115738,1.383,-2.379,8.622,8.86294,0.6854,-2.43435
HS,1091,1739358115754,0.31005,0.22005,11.26305,10.05254,3.56093,-2.78887
HS,1092,1739358115771,0.31005,0.22005,11.26305,7.04308,0.40966,-3.20641
HS,1093,1739358115787,-1.08,-1.902,9.73305,4.24633,1.52837,-3.48215
HS,1094,1739358115804,-2.10705,-0.47505,10.422,4.17543,0.40966,-3.06461
HS,1095,1739358115821,0.375,-2.64705,8.82795,3.47427,-3.7894,-1.45746
HS,1096,1739358115837,-2.98095,1.377,11.65305,-0.44118,4.12028,-2.36345
HS,1097,1739358115854,-4.53495,-3.186,8.73405,-9.68227,-0.99265,-4.1124
HS,1098,1739358115871,-0.73305,-5.139,9.99405,-3.0331,-11.91179,-2.71797
HS,1099,1739358115887,-0.73305,-5.139,9.99405,1.65442,4.04938,-4.1124
HS,1100,1739358115904,-4.11105,1.27395,12.39495,-0.58298,5.23898,-3.20641
HS,1101,1739358115923,-0.86895,-5.508,6.864,2.14286,-2.88341,-3.48215
HS,1102,1739358115937,-0.60795,0.89805,9.78495,-4.50631,-1.6229,-3.69486
HS,1103,1739358115954,-1.317,1.722,8.61495,-7.30306,-1.6229,-1.59927
HS,1104,1739358115970,-0.843,-4.974,13.23795,-11.64394,3.20641,-3.06461
HS,1105,1739358115987,-1.401,-6.018,7.87005,-11.43122,-3.08824,-0.40179
HS,1106,1739358116003,0.318,-0.38205,12.61305,-4.2227,-3.51366,-1.66229
HS,1107,1739358116022,0.09495,-0.27405,7.60905,-0.9375,4.82144,-1.8041
HS,1108,1739358116037,0.09495,-0.27405,7.60905,-1.56776,-4.63236,-0.54359
HS,1109,1739358116054,1.86705,-2.28105,8.34195,-9.89498,1.11082,-2.64706
HS,1110,1739358116071,-0.915,0.16305,8.904,-3.59245,-0.70904,0.29149
HS,1111,1739358116087,-2.00205,-4.17195,7.79295,0.2521,-6.23951,-0.26786
HS,1112,1739358116103,0.981,1.04205,9.366,-1.28414,-3.93121,-0.96901
HS,1113,1739358116120,-2.18595,-1.05705,11.133,-5.4123,7.27155,-0.7563
HS,1114,1739358116140,-0.20595,-2.12295,5.01795,1.16597,6.70432,1.27626
HS,1115,1739358116158,-4.449,-2.68005,14.502,-3.66335,2.85978,-1.7332
HS,1116,1739358116177,-4.449,-2.68005,14.502,0.39391,13.63711,-0.6145
HS,1117,1739358116193,-1.82895,-4.107,6.83295,18.45855,16.15812,-0.82721
HS,1118,1739358116202,0.25995,-0.26505,6.342,7.67334,-27.73116,-2.08771
HS,1119,1739358116219,-1.38105,-0.336,12.54795,1.65442,7.76,0.29149
HS,1120,1739358116235,-4.49595,-0.68595,7.04895,6.97218,11.74635,1.4811
HS,1121,1739358116251,-4.49595,-0.68595,7.04895,-3.87606,-8.76052,-1.875
HS,1122,1739358116269,-3.927,-1.70805,11.979,-1.00053,8.9496,1.20536
HS,1123,1739358116288,-0.06705,-2.08695,7.374,-2.40284,-15.4097,-2.9937
HS,1124,1739358116302,2.604,-2.23995,12.01905,-0.30725,5.79833,-0.47269
HS,1125,1739358116319,-2.919,-0.68805,10.245,1.58351,-4.07301,-0.33876
HS,1126,1739358116336,0.27,-0.80805,8.93805,4.38814,2.57616,0.22847
HS,1127,1739358116352,-1.563,1.731,10.257,-0.58298,1.8041,-0.89811
HS,1128,1739358116369,-2.14305,-1.608,8.15505,-0.16544,-1.552,0.22847
HS,1129,1739358116385,-2.14305,-1.608,8.15505,-3.94696,-3.44276,-2.9228
HS,1130,1739358116402,-0.819,-0.82005,13.31505,-2.68646,8.39025,-1.7332
HS,1131,1739358116419,-4.09905,-0.111,9.144,-3.0331,-7.08247,0.22847
HS,1132,1739358116445,0.13095,-2.319,11.172,-3.45064,0.33876,-1.10294
HS,1133,1739358116459,-1.56105,0.47895,10.67595,-4.85295,2.37133,-0.05515
HS,1134,1739358116468,0,-2.80695,10.69095,-4.50631,3.62396,0.15756
HS,1135,1739358116486,-1.90095,-2.92905,8.34705,-1.21324,2.57616,-0.40179
HS,1136,1739358116501,0.63405,-1.54305,10.45095,1.58351,-2.81251,0.64601
HS,1137,1739358116518,0.63405,-1.54305,10.45095,6.3498,3.62396,0.5042
HS,1138,1739358116534,-3.18405,-1.89705,6.73005,3.54518,-5.04991,0.99265
HS,1139,1739358116552,-1.91805,-1.45905,14.22,3.33247,14.12556,1.552
HS,1140,1739358116568,1.16505,-4.96905,6.618,-4.2227,0.6145,-1.24475
HS,1141,1739358116584,1.524,0.52905,8.95695,2.42648,4.75054,1.76471
HS,1142,1739358116601,-1.98,-1.97595,7.683,7.88605,2.50526,0.5042
HS,1143,1739358116619,-0.64905,-0.40095,10.98,5.22323,5.45169,-0.05515
HS,1144,1739358116636,-1.63305,-1.60305,7.86495,3.61608,7.05884,0.22847
HS,1145,1739358116651,-1.63305,-1.60305,7.86495,5.78258,-5.60926,-1.31565
HS,1146,1739358116667,0.14295,1.164,12.807,5.92438,7.61819,0.08666
HS,1147,1739358116684,-1.90095,-0.94695,8.20995,7.04308,0.7563,-1.10294
HS,1148,1739358116700,-1.149,-0.00105,10.58505,0.323,-3.30095,-2.01681
HS,1149,1739358116717,0.97605,1.39605,9.606,-6.74371,-3.8603,-2.8519
HS,1150,1739358116734,-2.52405,0.414,5.53305,1.44958,6.49949,-1.17385
HS,1151,1739358116749,-2.52405,0.414,5.53305,-7.65758,-9.18595,-5.16808
HS,1152,1739358116768,0.138,-3.97995,13.89195,-4.00999,-1.41019,0.08666
HS,1153,1739358116784,-3.49305,-2.388,6.144,2.49738,-15.27577,-2.57616
HS,1154,1739358116800,0.53295,-0.93495,15.663,1.02416,11.39971,-3.48215
HS,1155,1739358116817,2.343,-1.51905,6.34995,0.81933,3.41913,-4.1124
HS,1156,1739358116834,0.97395,-0.897,12.393,0.11817,0.12605,-2.64706
HS,1157,1739358116850,-0.43095,-1.119,9.819,1.02416,9.9974,-2.9937
HS,1158,1739358116868,-1.05795,-2.26395,11.47095,-2.96219,-0.92175,-2.9937
HS,1159,1739358116883,-1.05795,-2.26395,11.47095,-1.77259,5.58562,-1.875
HS,1160,1739358116899,0.11895,-2.64195,7.98705,-3.73425,-5.68016,-4.46692
HS,1161,1739358116916,-2.75295,-0.147,13.743,-1.00053,5.23898,-2.43435
HS,1162,1739358116934,-0.50505,-2.20905,7.78395,-0.7957,-5.68016,-3.55305
HS,1163,1739358116949,-1.326,-0.858,10.377,-0.02363,0.82721,-2.36345
HS,1164,1739358116967,-1.353,-1.63905,9.63495,-1.77259,-1.20536,-3.20641
HS,1165,1739358116983,-0.63705,-3.25995,6.678,1.58351,0.96901,-2.36345
HS,1166,1739358116999,-0.63705,-3.25995,6.678,1.23687,0.48057,-3.41913
HS,1167,1739358117016,-1.16595,0.735,11.44695,-0.72479,4.04938,-2.71797
HS,1168,1739358117033,-0.903,-2.53905,7.45305,-0.9375,2.08771,-3.41913
HS,1169,1739358117049,-0.381,0.33105,11.481,0.74843,7.54729,-2.9228
HS,1170,1739358117065,-0.153,-2.97195,8.277,0.95326,0.40966,-3.20641
HS,1171,1739358117082,1.206,-1.81605,9.891,5.71955,5.51472,-2.71797
HS,1172,1739358117099,0.564,1.34595,9.75195,6.69644,-0.4333,-3.20641
HS,1173,1739358117116,2.334,-0.97095,8.36295,5.43594,2.64706,-2.43435
HS,1174,1739358117133,2.334,-0.97095,8.36295,0.11817,1.11082,-2.78887
HS,1175,1739358117156,-1.27395,-2.74005,7.42005,0.11817,3.06461,-2.9937
HS,1176,1739358117171,-1.27395,-2.74005,7.42005,1.44958,-6.59403,-3.13551
HS,1177,1739358117193,0.22695,-1.974,9.89595,0.67752,-4.07301,-3.55305
HS,1178,1739358117205,-1.40805,0.06,12.10995,3.68698,5.72743,-4.1124
HS,1179,1739358117215,-1.635,-3.399,9.06195,0.46481,-7.92544,-3.41913
HS,1180,1739358117233,-1.63995,-0.71895,10.947,1.72532,6.70432,-4.60873
HS,1181,1739358117249,-1.63995,-0.71895,10.947,0.2521,-1.69381,-3.83667
HS,1182,1739358117265,0.918,-2.35695,10.65195,7.3267,-1.41019,-3.55305
HS,1183,1739358117282,0.16695,-1.39005,10.128,6.13709,1.38656,-4.18331
HS,1184,1739358117298,-0.92205,-0.03705,9.843,-1.00053,1.38656,-3.55305
HS,1185,1739358117314,-0.357,1.99905,10.57605,-4.2227,0.12605,-3.27732
HS,1186,1739358117332,2.05095,-0.336,7.923,-4.92386,-4.70327,-4.1124
HS,1187,1739358117347,-0.51,-0.633,8.86395,-2.33194,-2.53677,-2.57616
HS,1188,1739358117365,-2.646,-1.071,8.60505,-0.30725,-2.46587,-4.39602
HS,1189,1739358117381,-2.646,-1.071,8.60505,1.02416,-1.41019,-1.38656
HS,1190,1739358117398,-0.84,-3.456,7.41495,-0.30725,-1.4811,-2.9228
HS,1191,1739358117414,-1.54905,-0.825,11.469,-3.45064,1.7332,-2.15862
HS,1192,1739358117431,-1.02195,-3.087,8.172,-3.31671,0.6145,-2.43435
HS,1193,1739358117448,-1.72095,-2.38605,10.374,-1.63078,2.15862,-3.06461
HS,1194,1739358117464,-1.374,-2.29305,9.41205,0.04727,0.82721,-2.08771
HS,1195,1739358117481,-0.64905,0.90795,13.173,1.79622,0.82721,-3.34822
HS,1196,1739358117497,-0.64905,0.90795,13.173,2.98583,5.09718,-2.50526
HS,1197,1739358117515,-0.69405,-3.65205,10.43895,1.51261,7.96483,-4.53783
HS,1198,1739358117530,-1.72095,-0.88905,9.07395,2.98583,2.50526,-1.31565
HS,1199,1739358117547,-0.59805,-2.95095,7.79805,8.72901,-16.95382,-3.83667
HS,1200,1739358117564,-0.14595,1.62105,11.98605,3.75789,7.54729,-3.90757
HS,1201,1739358117580,-1.317,-1.071,8.08995,-0.9375,-7.22428,-3.20641
HS,1202,1739358117597,0.34905,-1.581,8.67495,-0.65389,-5.96377,-3.34822
HS,1203,1739358117615,-0.996,0.80895,11.32695,1.30778,-4.98688,-3.69486
HS,1204,1739358117630,-0.996,0.80895,11.32695,-1.9144,1.38656,-4.46692
HS,1205,1739358117646,-3.294,-4.071,8.32005,4.80568,-5.19171,-2.78887
HS,1206,1739358117663,-0.852,-3.38205,10.056,6.90915,1.875,-3.76576
HS,1207,1739358117680,-0.23205,-0.67395,8.13795,1.93803,-7.78363,-4.1124
HS,1208,1739358117696,-0.675,2.16495,11.46405,-2.61555,-0.71691,-3.97848
HS,1209,1739358117715,-0.03795,-1.131,8.82795,-6.60191,-4.49056,-4.74266
HS,1210,1739358117731,-1.05105,-0.37905,9.024,-8.63447,-0.71691,-3.41913
HS,1211,1739358117746,-1.05105,-0.37905,9.024,-5.4123,-10.37555,-3.06461
HS,1212,1739358117763,2.556,-4.33695,10.14495,-2.68646,-4.00211,-3.27732
HS,1213,1739358117779,-1.008,-2.14395,11.55195,0.74843,2.9937,-3.97848
HS,1214,1739358117796,-1.29795,-1.00695,10.02705,-1.42595,-5.33352,-0.19695
HS,1215,1739358117813,-0.13395,-1.22205,7.05405,2.28467,2.29255,-2.30043
HS,1216,1739358117829,1.191,-0.63795,12.237,-5.83772,-6.59403,-2.64706
HS,1217,1739358117847,1.65405,0.37605,7.81695,-2.89129,6.70432,-1.45746
HS,1218,1739358117863,-0.79695,-0.18795,8.31795,-0.30725,-5.40442,-1.03992
HS,1219,1739358117879,-0.79695,-0.18795,8.31795,-6.32617,-5.75106,-1.38656
HS,1220,1739358117895,-3.20295,-2.814,11.03505,-4.36451,-2.32406,-1.31565
HS,1221,1739358117913,-1.73295,-2.139,10.43205,-3.24581,-3.93121,-1.31565
HS,1222,1739358117928,-1.78605,-2.70405,7.803,3.89969,-6.24739,-1.8041
HS,1223,1739358117945,-1.41,-3.528,10.72905,4.66388,-6.80674,-1.45746
HS,1224,1739358117962,0.01305,0.486,8.004,7.60243,-2.11135,-2.08771
HS,1225,1739358117978,-1.78095,-0.26895,10.72395,2.49738,-3.16702,-2.9228
HS,1226,1739358117995,-1.78095,-0.26895,10.72395,-3.24581,1.03992,-3.06461
HS,1227,1739358118011,-1.69005,0.99105,13.023,-4.99476,4.53783,-2.64706
HS,1228,1739358118028,-1.92705,-4.98105,7.719,2.35557,-0.64601,-2.64706
HS,1229,1739358118045,2.03205,0.80505,11.35395,-3.94696,-0.99265,-3.83667
HS,1230,1739358118061,-2.11605,-1.92105,7.73805,-0.58298,5.37291,-1.38656
HS,1231,1739358118078,-0.381,-0.37005,10.149,3.26944,-9.46168,-3.27732
HS,1232,1739358118095,0.387,-3.16395,8.26005,5.0893,-4.28572,-2.08771
HS,1233,1739358118110,0.387,-3.16395,8.26005,5.29413,-0.5042,-1.94591
HS,1234,1739358118127,-0.73005,1.61895,7.89195,0.2521,-6.38132,-3.06461
HS,1235,1739358118144,-2.727,-3.98295,10.40805,3.96272,-4.70327,-1.45746
HS,1236,1739358118161,-0.55995,-1.24905,10.995,3.54518,0.12605,-2.01681
HS,1237,1739358118177,-0.78,-3.17805,8.65995,6.13709,-4.21482,-0.26786
HS,1238,1739358118195,2.56095,0.68505,16.317,2.98583,0.47269,-1.31565
HS,1239,1739358118210,0.48,-2.17995,4.47,13.48743,15.24426,2.7416
HS,1240,1739358118226,0.48,-2.17995,4.47,10.8246,-18.00162,0.08666
HS,1241,1739358118243,-0.99105,0.19695,10.425,2.70221,2.85978,-1.45746
HS,1242,1739358118261,-1.776,0.21795,12.09105,-4.92386,-4.00211,-0.82721
HS,1243,1739358118285,-1.75695,-2.793,9.03405,-0.7957,-10.50948,2.04045
HS,1244,1739358118302,1.527,-1.21305,8.00895,-2.75736,-8.06725,-1.7332
HS,1245,1739358118319,-0.46395,-0.01995,13.09395,-6.32617,-0.08666,-0.12605
HS,1246,1739358118334,-1.21905,-1.974,8.517,-3.73425,-12.68385,-0.33876
HS,1247,1739358118351,-0.86205,-1.12905,9.429,-1.07143,-13.52682,-1.45746
HS,1248,1739358118369,0.56205,1.38705,9.35505,-0.8666,-6.59403,0.5042
HS,1249,1739358118383,-1.85805,-1.938,11.30295,-5.20747,-6.66493,-2.15862
HS,1250,1739358118399,-1.85805,-1.938,11.30295,-4.71115,-4.91598,0.77994
HS,1251,1739358118416,-0.273,-1.57395,11.31795,3.33247,1.67017,1.20536
HS,1252,1739358118431,-0.876,-4.38495,8.373,2.49738,-4.28572,0.64601
HS,1253,1739358118448,0.33195,0.46695,17.76105,0.18908,6.63342,0.08666
HS,1254,1739358118467,-0.57,-1.20795,4.422,-2.19013,9.08353,4.70327
HS,1255,1739358118484,1.464,0.54405,8.48295,-5.20747,-18.84458,-1.52837
HS,1256,1739358118500,-1.161,1.48695,11.20995,-12.34509,-0.22059,1.34717
HS,1257,1739358118516,-3.25905,-6.435,7.84095,-13.04625,-11.70696,-0.89811
HS,1258,1739358118532,-3.25905,-6.435,7.84095,-3.94696,-21.15289,2.5998
HS,1259,1739358118550,-2.51895,-5.01,8.382,1.02416,1.45746,1.06355
HS,1260,1739358118568,0.71505,-1.83795,9.972,-8.49267,3.83667,0.92175
HS,1261,1739358118585,-1.863,-3.456,8.184,1.79622,-6.03468,2.95431
HS,1262,1739358118602,0.744,-4.82295,7.76505,3.12763,11.1161,0.77994
HS,1263,1739358118617,2.523,0.18495,10.12095,7.67334,3.13551,3.02522
HS,1264,1739358118635,1.09995,1.61205,11.10495,3.26944,1.52837,3.23005
HS,1265,1739358118651,-0.56505,-0.063,10.42995,-3.1749,-0.64601,2.39496
HS,1266,1739358118668,-0.56505,-0.063,10.42995,-6.88552,-1.06355,4.00211
HS,1267,1739358118684,-0.75705,-0.786,8.18595,-8.70538,-4.00211,3.65547
HS,1268,1739358118701,-0.24195,-1.77795,9.948,-10.24162,-5.54623,3.44276
HS,1269,1739358118718,-1.812,-4.25805,7.75995,-0.09454,-1.20536,5.04991
HS,1270,1739358118734,-0.32805,-6.15405,5.68605,10.40706,-11.07671,4.63236
HS,1271,1739358118751,-0.10005,0.05505,13.95405,3.68698,-6.03468,3.51366
HS,1272,1739358118768,0.12795,-0.786,10.14195,3.05673,4.18331,4.70327
HS,1273,1739358118784,0.12795,-0.786,10.14195,6.83825,1.7332,4.84507
HS,1274,1739358118799,-0.60795,-5.45805,9.92205,9.07565,7.26367,6.03468
HS,1275,1739358118816,0.387,2.04,10.17795,0.323,0.47269,4.56146
HS,1276,1739358118834,-1.74795,0.213,9.426,-6.18436,4.39602,5.96377
HS,1277,1739358118850,-2.052,-1.857,8.14995,-4.1518,-5.47533,6.59403
HS,1278,1739358118867,-2.076,-2.14905,11.62905,-2.61555,5.30989,6.38132
HS,1279,1739358118883,-4.07505,-4.42305,7.41,0.46481,3.69486,8.34298
HS,1280,1739358118899,-4.07505,-4.42305,7.41,5.0893,-9.53259,8.41389
HS,1281,1739358118917,0.89505,-3.01095,11.39895,3.96272,7.40548,6.10558
HS,1282,1739358118934,-1.49895,-0.94005,9.36405,2.42648,-0.5042,5.47533
HS,1283,1739358118950,1.206,-0.21195,9.55305,-1.00053,-4.28572,4.77417
HS,1284,1739358118967,-0.43095,-2.649,8.71995,-0.44118,4.53783,5.68016
HS,1285,1739358118982,0.84405,0.51705,16.47795,-5.76682,9.57985,5.12081
HS,1286,1739358118998,-2.36805,-2.50095,4.65495,-1.84349,19.72694,8.55569
HS,1287,1739358119016,-0.59805,0.87705,13.55895,-6.531,-13.1014,4.28572
HS,1288,1739358119033,-0.59805,0.87705,13.55895,-12.54992,18.25372,4.14392
HS,1289,1739358119050,-1.00095,-0.48495,9.05805,-10.80097,-11.35244,3.93121
HS,1290,1739358119066,-3.402,-4.87605,8.16495,1.72532,-4.98688,9.53259
HS,1291,1739358119082,-0.15105,-5.589,6.675,2.21377,-19.89238,2.6707
HS,1292,1739358119099,-0.73695,1.09005,14.91405,1.09507,17.20592,4.49056
HS,1293,1739358119115,1.35195,-2.38095,7.54695,-9.33563,-13.1723,2.5998
HS,1294,1739358119134,0.72495,-3.76305,10.458,1.58351,13.70802,5.40442
HS,1295,1739358119149,-0.55305,1.40295,7.482,4.24633,11.53364,4.56146
HS,1296,1739358119166,-0.55305,1.40295,7.482,-3.0331,-1.96954,5.12081
HS,1297,1739358119182,-0.9,1.39395,7.92795,-7.23216,-2.32406,2.88341
HS,1298,1739358119199,-2.22705,-1.69395,7.05405,-6.18436,-2.6707,2.95431
HS,1299,1739358119216,-1.03395,-2.90295,9.52905,-3.80516,-2.04045,3.58457
HS,1300,1739358119232,-0.16305,-5.15595,8.55705,1.09507,5.09718,2.88341
HS,1301,1739358119248,1.55805,-1.203,10.91805,3.47427,-1.76471,3.09612
HS,1302,1739358119265,-1.21395,-1.15005,7.008,5.85348,10.0683,3.58457
HS,1303,1739358119282,-1.21395,-1.15005,7.008,8.93384,0.05515,3.72637
HS,1304,1739358119298,-0.49995,-2.74995,5.95905,13.69226,-3.58457,4.41965
HS,1305,1739358119315,-1.27095,0.54405,12.19395,4.24633,3.27732,2.95431
HS,1306,1739358119331,-2.289,-0.35595,9.168,5.01839,20.499,6.79886
HS,1307,1739358119348,-3.00495,-3.46995,9.20595,-1.00053,-1.6229,4.84507
HS,1308,1739358119365,1.086,0.85005,10.21395,-2.47375,-1.90652,-0.40966
HS,1309,1739358119382,1.48605,-4.443,11.27205,-7.65758,-9.39078,2.18225
HS,1310,1739358119397,1.48605,-4.443,11.27205,-1.07143,2.8519,1.13446
HS,1311,1739358119414,-0.72105,-1.27695,10.638,-0.23635,-3.65547,2.18225
HS,1312,1739358119431,-1.98,-3.77505,7.32405,4.87659,-1.13446,3.02522
HS,1313,1739358119448,-0.48405,-0.798,6.93105,2.21377,-6.94067,-0.6854
HS,1314,1739358119466,-1.719,-1.251,12.22005,4.80568,8.73689,1.90652
HS,1315,1739358119479,-0.22995,-1.524,10.02,-0.09454,-4.14392,1.13446
HS,1316,1739358119498,0.07095,-1.986,9.83295,-0.02363,8.80779,1.69381
HS,1317,1739358119515,0.114,-2.09595,11.004,-0.58298,2.22164,1.4811
HS,1318,1739358119531,0.114,-2.09595,11.004,3.33247,10.69855,1.96954
HS,1319,1739358119547,-1.29795,-2.865,7.52805,3.12763,-1.90652,0.77994
HS,1320,1739358119564,-1.053,-1.14105,13.434,2.98583,8.24844,1.13446
HS,1321,1739358119581,0.375,-0.336,8.75595,4.38814,-2.32406,1.4811
HS,1322,1739358119612,0.47295,-2.03595,11.77305,3.05673,6.98794,0.70904
HS,1323,1739358119627,-0.56295,-0.64005,7.98,2.14286,-1.76471,1.33929
HS,1324,1739358119645,0.69795,-0.636,8.99805,-0.30725,6.42859,1.33929
HS,1325,1739358119661,-1.36005,-2.74005,9.04605,-2.89129,1.45746,1.552
HS,1326,1739358119678,-1.03905,-1.11495,9.61305,1.79622,5.51472,2.52889
HS,1327,1739358119694,0.67905,-2.97195,10.09395,2.49738,4.32512,1.41019
HS,1328,1739358119710,-0.579,0.309,8.81595,2.07196,3.06461,1.96954
HS,1329,1739358119727,-0.11205,-1.78305,8.66295,1.44958,3.06461,1.552
HS,1330,1739358119744,-0.11205,-1.78305,8.66295,1.30778,2.01681,1.41019
HS,1331,1739358119759,-0.75705,-1.941,8.406,1.93803,3.13551,0.77994
HS,1332,1739358119777,0.15705,-2.03595,9.366,-1.9144,5.58562,0.5042
HS,1333,1739358119793,-1.39305,-1.20795,8.622,-3.45064,0.33876,-0.7563
HS,1334,1739358119810,-1.02705,-3.86805,10.506,-1.00053,8.73689,-0.33876
HS,1335,1739358119829,-1.434,-3.16605,8.50005,4.31724,-3.23793,-1.7332
HS,1336,1739358119840,1.89495,0.97005,12.747,5.64865,5.37291,-1.7332
HS,1337,1739358119858,1.89495,0.97005,12.747,3.96272,5.37291,-1.67017
HS,1338,1739358119879,-1.73595,-2.73495,8.95695,1.37868,-0.4333,-3.06461
HS,1339,1739358119893,-0.91905,-1.13595,9.88395,-2.75736,-0.5042,-4.04938
HS,1340,1739358119906,0.78705,-4.65795,10.13505,-2.54465,-4.84507,-4.32512
HS,1341,1739358119927,0.27195,-0.825,9.13695,2.21377,-0.78782,-3.76576
HS,1342,1739358119945,0.92295,-3.09495,11.30595,4.87659,1.59927,-4.46692
HS,1343,1739358119961,-2.277,0.62295,10.44195,4.66388,2.43435,-5.51472
HS,1344,1739358119975,1.25595,-1.086,9.05505,0.46481,-1.13446,-4.81356
HS,1345,1739358119992,1.25595,-1.086,9.05505,-0.58298,-5.05779,-4.53783
HS,1346,1739358120011,-1.44795,-1.182,8.75595,-3.80516,-1.552,-4.67963
HS,1347,1739358120027,-0.17895,-2.66805,10.245,-2.75736,1.31565,-2.78887
HS,1348,1739358120045,-1.01505,-1.785,7.15395,-1.84349,-3.58457,-2.9937
HS,1349,1739358120060,0.06105,-2.616,8.979,-3.31671,-0.01576,-3.13551
HS,1350,1739358120072,-1.413,-2.805,8.21505,0.39391,-3.51366,-3.76576
HS,1351,1739358120095,1.81905,-2.20905,10.14,2.07196,1.59927,-3.34822
HS,1352,1739358120110,1.81905,-2.20905,10.14,2.70221,-0.08666,-3.49003
HS,1353,1739358120125,-1.36005,-0.98295,10.42005,4.73478,4.88447,-1.67017
HS,1354,1739358120143,0.40095,-1.68405,9.417,3.68698,-1.13446,-0.19695
HS,1355,1739358120159,-1.79805,-0.375,8.83995,1.16597,-1.41019,-2.30043
HS,1356,1739358120176,0.66195,-0.43005,9.91995,-3.38761,-5.47533,-3.20641
HS,1357,1739358120193,-1.36695,-0.573,6.92205,-8.49267,-8.13027,-2.22952
HS,1358,1739358120209,0.36495,-1.49295,12.33105,-12.06148,-6.38132,-3.62396
HS,1359,1739358120225,-2.53305,-4.356,8.007,-7.72061,-1.552,-4.25421
HS,1360,1739358120242,-2.53305,-4.356,8.007,-9.05202,-5.54623,-3.49003
HS,1361,1739358120259,0.16395,-2.93895,11.40195,-2.96219,-4.70327,-3.49003
HS,1362,1739358120276,-1.51995,-1.33995,10.27605,-2.33194,-1.13446,-2.93068
HS,1363,1739358120292,1.464,-3.09495,9.57195,-2.68646,-0.85084,-2.71797
HS,1364,1739358120307,-0.37605,-0.91305,9.414,0.60662,3.83667,-1.31565
HS,1365,1739358120325,0.69105,-1.51005,9.25395,1.44958,-0.85084,-0.89811
HS,1366,1739358120340,0.91395,-2.76405,8.13105,4.17543,-0.22059,-0.12605
HS,1367,1739358120358,0.91395,-2.76405,8.13105,6.13709,-0.5042,0.08666
HS,1368,1739358120375,-1.326,-2.64405,8.58405,4.52207,0.6145,-0.54359
HS,1369,1739358120392,-0.20295,0.30195,12.73305,1.44958,5.65653,0.71691
HS,1370,1739358120408,-1.935,-1.098,8.33505,0.18908,0.47269,0.85084
HS,1371,1739358120424,0.07095,-0.87705,9.393,-3.52154,-0.5042,1.06355
HS,1372,1739358120443,-2.61195,0.75195,9.01005,-8.42176,-4.21482,0.08666
HS,1373,1739358120462,0.13305,-4.194,7.97505,-5.48321,2.29255,2.18225
HS,1374,1739358120473,-1.03905,-4.431,6.95295,-0.44118,-5.12081,1.06355
HS,1375,1739358120486,-1.03905,-4.431,6.95295,4.59297,-1.90652,0.3624
HS,1376,1739358120503,-0.88095,-1.45905,9.47895,3.26944,1.59927,0.3624
HS,1377,1739358120516,-0.22305,-1.19595,9.32295,1.02416,0.89811,-0.40966
HS,1378,1739358120541,-2.622,-2.36895,12.35505,2.07984,10.97429,0.3624
HS,1379,1739358120552,-0.10005,-2.62995,8.694,2.42648,7.05884,0.08666
HS,1380,1739358120560,-0.10005,-2.62995,8.694,4.66388,9.9974,1.06355
HS,1381,1739358120568,-1.85295,-0.92805,11.79195,2.07984,2.71797,0.71691
HS,1382,1739358120577,-1.85295,-0.92805,11.79195,6.69644,4.53783,0.29149
HS,1383,1739358120584,-1.85295,-0.92805,11.79195,5.43594,7.61819,1.20536
HS,1384,1739358120593,1.218,-2.688,10.54695,7.74424,5.30201,1.90652
HS,1385,1739358120601,1.218,-2.688,10.54695,7.95695,5.09718,2.46587
HS,1386,1739358120627,-1.908,-1.47405,9.55995,6.69644,3.62396,4.56146
HS,1387,1739358120643,0.17595,-2.44605,9.156,7.18489,7.40548,4.35663
HS,1388,1739358120650,0.17595,-2.44605,9.156,4.10453,2.22952,2.11135
HS,1389,1739358120658,0.17595,-2.44605,9.156,2.84402,-9.60349,0.57511
